image,phase,ref_r,ref_g,ref_b,gain_r,gain_g,gain_b,reference_px,clipped_after,green_fraction,green_largest_blob_px,sha256
img_006824.jpg,floating,143.0,128.0,159.0,1.2797,1.0625,0.6415,898731,0.025729,0.007814,3119,e8435a0fcf4adf2d98af4911f19bceb4d0ffa589263239b15c270ee30ad2edb0
img_006884.jpg,floating,145.0,129.0,160.0,1.2621,1.0543,0.6375,922191,0.025493,0.005081,939,10fec4a1c5e715f83589abc66590deaf6108e72026711ef95eff0a8ad8cbebfe
img_006944.jpg,floating,146.0,129.0,160.0,1.2534,1.0543,0.6375,925193,0.025589,0.00495,188,c3f1c47549333477ba4dd87bd9541e502f1420320f316ab22adda8c9bdd7aa26
img_007004.jpg,floating,147.0,130.0,161.0,1.2449,1.0462,0.6335,941132,0.026165,0.007691,783,2d0197765898d4ac560dc2af8d7d37ddf224e45ff3fa6f00c924dc531aee87d8
img_007064.jpg,floating,153.0,135.0,167.0,1.1961,1.0074,0.6108,1050801,0.020738,0.003302,450,9002430a6c0cc374ba54d30847f1ff36262ce6dad2845bf94df0e7cba3051861
img_007124.jpg,floating,159.0,140.0,172.0,1.1509,0.9714,0.593,1119089,0.014855,0.002017,229,053876240b1f8be0733b74412330259bc8ff3fcc0be651190245280ebb6f94db
img_007184.jpg,floating,163.0,142.0,174.0,1.1227,0.9577,0.5862,1150590,0.01118,0.002099,221,54858279d839bf51b25ff0ce15478183f46deef35d79d8cdbcc02ffa5503e211
img_007244.jpg,floating,166.0,145.0,177.0,1.1024,0.9379,0.5763,1176892,0.008771,0.001368,131,977856b5ef52f9bd7101b5807da6445f2b66c5dc3fc68a1d02438f9836c78d07
img_007304.jpg,floating,167.0,147.0,181.0,1.0958,0.9252,0.5635,1196564,0.008063,0.00091,78,96d7d7fad40284fcbc2d3e2fb510633b8227c70cffcb9e3ad2687ee3272b64a6
img_007364.jpg,floating,170.0,149.0,183.0,1.0765,0.9128,0.5574,1210764,0.006393,0.000757,78,ae548a7bdd55dc918f6fdc71ab09c5b22b09e2bbb516c3e8322ad17d6b3bc958
img_007424.jpg,floating,170.0,150.0,183.0,1.0765,0.9067,0.5574,1236145,0.006505,0.000506,72,20d0c2e3bb7ae356d9b19859c2cd630e39202e1c9f3870e62806e82277843ab9
img_007484.jpg,floating,167.0,146.0,179.0,1.0958,0.9315,0.5698,1272790,0.007805,0.000383,44,401afa0205fc04c6d8744dd9eef7b5d2df0e33009cb96e7c943e7771b923fc66
img_007544.jpg,floating,160.0,139.0,169.0,1.1438,0.9784,0.6036,1290819,0.012182,0.000109,13,5ad3bf3f449268aa2c58841eeba42a40223a749fcabcf172846e254f9338f296
img_007604.jpg,floating,152.0,131.0,159.0,1.2039,1.0382,0.6415,1233098,0.016648,0.000682,54,00be5eb46865dc2bea158e7da8a428a3042464b9f58cd0be644c737b7a155ca2
img_007664.jpg,floating,143.0,124.0,152.0,1.2797,1.0968,0.6711,1152819,0.026155,0.001461,140,5d4b098f962857c061990e0047de9aa12ed7a6b01b93762c1b1d93319c1e27e4
img_007724.jpg,floating,136.0,119.0,149.0,1.3456,1.1429,0.6846,1108662,0.036871,0.003322,235,92253ef4c6263c701b50abfb99fe50464e972fc5a46074a552a2087c6ee1a1d4
img_007784.jpg,floating,134.0,118.0,146.0,1.3657,1.1525,0.6986,1100323,0.042256,0.001915,206,6dd4d92ed05475bb6c3f0db59125ed1fcef981301734bdf3c0e8ebb7585850be
img_007844.jpg,floating,133.0,117.0,146.0,1.3759,1.1624,0.6986,1096429,0.049136,0.002717,389,65431d2ee3ad255b84a5ce091a7c0909d50e775ffa64dbe864d0e4dfd9c6025d
img_007904.jpg,floating,142.0,124.0,155.0,1.2887,1.0968,0.6581,997035,0.040495,0.004537,223,50a84b2ccb0c13385b3c19ce12f23efd81640c315de91c150c1ebc4c4470ed9d
img_007964.jpg,floating,152.0,131.0,162.0,1.2039,1.0382,0.6296,1007586,0.028371,0.003805,324,760a719de2ab94c918bb03984b0e09a4442dec704125552bdd77aadc4bdb53a7
img_008024.jpg,floating,160.0,138.0,169.0,1.1438,0.9855,0.6036,1000398,0.018389,0.004513,803,b7403112524db939ccbfe8ed103359d84d253eaea23381b8a723ed48036ddd81
img_008084.jpg,floating,168.0,146.0,177.0,1.0893,0.9315,0.5763,1045402,0.009928,0.002717,379,e579b323df000949be7d6d51711fc665484ab13e873c3165f18efa036f9d9ee7
img_008144.jpg,floating,168.0,146.0,176.0,1.0893,0.9315,0.5795,1055870,0.010133,0.002242,231,2782a5e1b6f0c0ed51175fcfd2ad8f4d51dcf1c455a9b173c9ce1af84fe47ef8
img_008204.jpg,floating,157.0,136.0,166.0,1.1656,1.0,0.6145,1056366,0.023391,0.003075,571,864750d8671176a7c43dd38ce70fa7f4de249539876cfeb2786d8e05cdc02a7d
img_008264.jpg,floating,148.0,127.0,158.0,1.2365,1.0709,0.6456,1084011,0.032773,0.001759,277,83adacda89456635a687e8efa167d4b0eae290f88da3c957b09b9eba3807ce2a
img_008324.jpg,floating,146.0,126.0,157.0,1.2534,1.0794,0.6497,1151715,0.035076,0.001016,197,99b4ff5ab9a36e1ea1d278c4467c24f4a29cbabda56157c1b02804e32a54cb07
img_008384.jpg,floating,148.0,127.0,158.0,1.2365,1.0709,0.6456,1151741,0.032634,0.001493,497,cc17ccf44a105848147b65f092c9403c3e3e6fe5c68dd34eee39a412b3fd8f56
img_008444.jpg,floating,154.0,131.0,161.0,1.1883,1.0382,0.6335,1118623,0.026902,0.001349,130,11d3446e4eefa8a959105d918410ad3237b3ab8e3d97afb400a33948febf38b2
img_008504.jpg,floating,163.0,139.0,168.0,1.1227,0.9784,0.6071,1119596,0.015657,0.001591,175,6464327c782cb7290c67f5de1a193fe3f5677481c519f42d96ade53d08abc926
img_008564.jpg,floating,173.0,149.0,176.0,1.0578,0.9128,0.5795,1108820,0.005962,0.001024,190,54c5863aa1497146976f622ffe8c2bc331c5fcaaed0ae84e2611097b78c526c0
img_008624.jpg,floating,182.0,157.0,183.0,1.0055,0.8662,0.5574,1134931,0.001837,0.000894,62,9810af0aabffeb30a6aa94210a63e4eb88a4e989198e3df9a344ab905eda5132
img_008684.jpg,floating,186.0,163.0,186.0,0.9839,0.8344,0.5484,1181553,0.0,0.000485,40,848ca134602467dcaf4a87a93918544a94fa8d10deb10bcd9dcaf9e0d0831e73
img_008744.jpg,floating,188.0,165.0,188.0,0.9734,0.8242,0.5426,1238494,0.0,0.000353,57,442160825f853887568c2549837a77c59631d327ab854ed12615f25d70d68642
img_008805.jpg,floating,189.0,166.0,189.0,0.9683,0.8193,0.5397,1260379,0.0,0.000237,19,25bf97876ba7db6caa4c559d34ec4d01081b9225e6da5a50f63bf57373e4b9a8
img_008865.jpg,floating,190.0,166.0,189.0,0.9632,0.8193,0.5397,1270187,0.0,0.000268,28,4e247f94932f139e9732a599672eaa19522d594c9e806c46ebe6470286863be2
img_008925.jpg,floating,190.0,168.0,190.0,0.9632,0.8095,0.5368,1278597,0.0,0.000151,36,f6d3f91a402d85fdaa1140477fa4a4e90b64792d0b177cc7f5b5fa9a15663aac
img_008986.jpg,floating,190.0,169.0,192.0,0.9632,0.8047,0.5312,1285963,0.0,8.6e-05,9,6ab1f5ca05df5f7edfa48a4b88cd2cfcfdcbee3c01d89d28e3416d3becb2e6da
img_009046.jpg,floating,189.0,169.0,192.0,0.9683,0.8047,0.5312,1299071,0.0,6.1e-05,8,f976e3ea3a963d1e1cfc786b2672d4128a92d3b10ef221c72b88b9524e664285
img_009106.jpg,floating,187.0,167.0,189.0,0.9786,0.8144,0.5397,1305653,0.0,4.1e-05,10,d7cfebaf372afab1848d745a3d9715cea1ab01c9c7d3ca9ef8055ef87d95265d
img_009166.jpg,floating,185.0,166.0,193.0,0.9892,0.8193,0.5285,1294772,0.0,9e-05,15,a3d967df2cafe1ce299d52416a61c18d689b4a9a9d4395d898a302533e2e6a28
img_009226.jpg,floating,185.0,167.0,192.0,0.9892,0.8144,0.5312,1298925,0.0,5.8e-05,8,11063432438168f12172c2c8b9be53ca542bccfa2920a1c7e522d8655bde393a
img_009287.jpg,floating,186.0,168.0,193.0,0.9839,0.8095,0.5285,1304002,0.0,4.6e-05,8,0c9aef8c4f5615727a07b0d0cff2abb7d0ec7138a7adec7902b7a7bd1d607371
img_009347.jpg,floating,185.0,167.0,190.0,0.9892,0.8144,0.5368,1312222,0.0,4.5e-05,10,65da6de0da08e9396b01639912a64dc2733001c10c06b6626a892009405ead81
img_009407.jpg,floating,185.0,167.0,187.0,0.9892,0.8144,0.5455,1318071,0.0,3.8e-05,9,711629b723797614abc03250a4dec843b90755708b2893f06942284858b270c9
img_009469.jpg,floating,187.0,168.0,189.0,0.9786,0.8095,0.5397,1315313,0.0,3.1e-05,7,f1ac21e9f9787ae885f26b7d88dadf294626bb84cf26e933b7df9a61f72f78ee
img_009529.jpg,floating,189.0,170.0,192.0,0.9683,0.8,0.5312,1315131,0.0,3e-05,10,cc28ca206bd712ff5667df58f4bc733eb94473f2ad1697967dec482c0ab0cf50
img_009589.jpg,floating,189.0,171.0,192.0,0.9683,0.7953,0.5312,1315818,0.0,2e-05,5,88af90ae0c5834f7db5683220a40ca804c09134fe476267555e3e02dcebbfcfb
img_009650.jpg,floating,190.0,172.0,192.0,0.9632,0.7907,0.5312,1316811,0.0,2.2e-05,5,b0b20f6274d1cb8ce91ea72440464d39cd5a1f05bed28d4706052baeb899fc6a
img_009710.jpg,floating,191.0,173.0,192.0,0.9581,0.7861,0.5312,1313384,0.0,1.2e-05,9,e2a9f90b922ecffaeb861446966c2692e90767aa50e0e9fe2956f1b27c997418
img_009770.jpg,floating,192.0,174.0,192.0,0.9531,0.7816,0.5312,1312459,0.0,2.7e-05,8,d0df9c734b9640901f5d7fab6deda397dda99d4f38f43c681376abc135bd1366
img_009832.jpg,floating,194.0,176.0,194.0,0.9433,0.7727,0.5258,1315354,0.0,1.4e-05,8,3a103b85c164c6cfbf34b0362775bdd6cd0e6b67073b58c96258756584eb193d
img_009892.jpg,floating,195.0,177.0,197.0,0.9385,0.7684,0.5178,1330872,0.0,6e-06,4,c70ab89468c22fb5992c0de7e8fc304d0c3db541226b313699ab42b6ac7085be
img_009952.jpg,floating,192.0,178.0,197.0,0.9531,0.764,0.5178,1259182,0.0,5e-06,2,bd0f6d77123a22d7f92268de5ebfd8b2df342878f56842b9f622d99102ef2021
img_010014.jpg,floating,192.0,178.0,196.0,0.9531,0.764,0.5204,1251136,0.0,5e-06,3,0eabb3843f72ddb5db7e72f4602c6378d8ec2c457e0f1c617508e826e67abf06
img_010074.jpg,floating,191.0,178.0,197.0,0.9581,0.764,0.5178,1261399,0.0,1e-06,1,f6d632fc66bfa02faf06ec4fcbff72539b9caeccc6b19e9d8bb1c73f0ce4476d
img_010134.jpg,floating,192.0,178.0,195.0,0.9531,0.764,0.5231,1248351,0.0,9e-06,5,1687b335dcb46aad25b1fcdf1a3f6408bb8b259d7209ee270f2bad203444da36
img_010196.jpg,floating,193.0,178.0,192.0,0.9482,0.764,0.5312,1221408,0.0,0.0,0,0d1d49c315a2109245a515d0282564d5016adc63b4de324f2daf599a62497f59
img_010256.jpg,floating,192.0,179.0,193.0,0.9531,0.7598,0.5285,1220490,0.0,0.0,0,0e104d4d622586cbdf3c4d417609d9c91ff5dc42165b3c688290b5a4487d5071
img_010316.jpg,floating,193.0,179.0,193.0,0.9482,0.7598,0.5285,1206097,0.0,0.0,0,ce3a78f98c6fb2d7fe9c92bb9be1d7f5377c6ea7496566d1c99b0430ac4d67ce
img_010378.jpg,floating,194.0,179.0,190.0,0.9433,0.7598,0.5368,1209020,0.0,1e-06,1,99afb24af8297af031e25fbffdb579a276387d42da5f114eb686d302b404d2b9
img_010438.jpg,floating,193.0,177.0,185.0,0.9482,0.7684,0.5514,1285381,0.0,2e-06,1,eb49168ee63aaf5e100dbc70ecb0d72ed70695d831b975a1a8114593326df53f
img_010498.jpg,floating,189.0,173.0,183.0,0.9683,0.7861,0.5574,1287514,0.0,9e-06,3,f3e778e3ed10a2ca4d7229e3d1c2850b99768ac90128ed0918e6f22958699dc2
img_010560.jpg,floating,187.0,170.0,180.0,0.9786,0.8,0.5667,1313889,0.0,7e-06,4,6ad5cf9e11159738eafe5f5899bf492e2d22e53f5abf34b346b6c4d2a706aae4
img_010620.jpg,floating,187.0,169.0,180.0,0.9786,0.8047,0.5667,1301713,0.0,1.2e-05,3,451a97bf24b106ffb0a0234b48bca8eb2a0011c1dc0d3b6ff1bd4ad71a7d22da
img_010680.jpg,floating,186.0,168.0,180.0,0.9839,0.8095,0.5667,1307479,0.0,2.3e-05,7,61b757fc6dfa9409119c330f70813b2aafb7c91406b92a03ccac27c160011c44
img_010741.jpg,floating,186.0,169.0,181.0,0.9839,0.8047,0.5635,1306821,0.0,2e-05,7,ac5ae62b7094ef7c327b8ade9600fa18a4e0de48359ce8a4c38699d3fae89c5a
img_010801.jpg,floating,186.0,168.0,182.0,0.9839,0.8095,0.5604,1292479,0.0,1.5e-05,4,2e692c324defc0cef3d7a295791c48f25dd69083eca55b1a860182b34fd8f46c
img_010861.jpg,floating,185.0,168.0,184.0,0.9892,0.8095,0.5543,1293976,0.0,1e-05,8,25f9e72f349488b64206b4c8b381bd55ca88599e10cb2b00cf06257aeb3e744c
img_010923.jpg,floating,183.0,167.0,186.0,1.0,0.8144,0.5484,1313427,2.4e-05,2.1e-05,8,c04587447c6332e53185a2b670d66d60c43b0e205df63d9c24e46f725c974aca
img_010983.jpg,floating,183.0,167.0,186.0,1.0,0.8144,0.5484,1326940,2.7e-05,1.9e-05,2,e942d37efd6117f7c7ac63c197dc03d9465c0062cba8955bb47a3f4a746b91be
img_011043.jpg,floating,183.0,168.0,186.0,1.0,0.8095,0.5484,1329785,2.3e-05,2.8e-05,5,62ef293cc1455e826aca83e6de4b6d9ac08474da71a699b41ae2b951ae07fed0
img_011104.jpg,floating,183.0,168.0,187.0,1.0,0.8095,0.5455,1344129,3.3e-05,2.2e-05,9,7c0a81e0ebd6511aa886a5f52d1918536f084abebfc3f8dcf4b2c010ee350312
img_011164.jpg,floating,186.0,171.0,190.0,0.9839,0.7953,0.5368,1362376,0.0,4e-06,2,dd2be86fc528d063428aab64cab8e0fbac632e132a0e79de5d2f46e9b0f0503d
img_011224.jpg,floating,188.0,175.0,196.0,0.9734,0.7771,0.5204,1360051,0.0,1e-06,1,f6ed67cf807664e7349b88bb0643f4a009a0b10a93ebbcdc3c0cbc171eb5dad5
img_011284.jpg,floating,192.0,180.0,200.0,0.9531,0.7556,0.51,1348335,0.0,1e-06,1,923ae378da87165c9496d649227360e09b86286ee26594147814e8d5612ff20f
img_011344.jpg,floating,196.0,186.0,203.0,0.9337,0.7312,0.5025,1303864,0.0,0.0,0,4bf1a41031e0b873c7a022a8547ea2a6ba978973944b6b0303b8411a74434e90
img_011404.jpg,floating,201.0,194.0,205.0,0.9104,0.701,0.4976,1254748,0.0,0.0,0,6e1ee8d6d0ea4a4f23608adbd8c951e2579b522f1395210b4b8a87b3a89d8e9a
img_011464.jpg,floating,202.0,195.0,206.0,0.9059,0.6974,0.4951,1249314,0.0,0.0,0,f013bfa42d028b3b6680474e96b20946458b9111642eb5115d40063ab89cec02
img_011524.jpg,floating,202.0,195.0,204.0,0.9059,0.6974,0.5,1163834,0.0,1e-06,1,804681fcaf03a47d7e5513eaf12a71e8ef9d9f62b54413258f7c14e36f297fbf
img_011585.jpg,floating,201.0,193.0,201.0,0.9104,0.7047,0.5075,1095224,0.0,0.0,0,88733df9a807b4e7ae26d8de67da05338231158ce0c898ba1a6c56bf533bf678
img_011645.jpg,floating,200.0,193.0,199.0,0.915,0.7047,0.5126,1091345,0.0,0.0,0,ce2cfdce50587b95dc1dd365b62ef6571bb0194be5d85c7c8572662736fe4b3f
img_011705.jpg,floating,200.0,192.0,199.0,0.915,0.7083,0.5126,1096386,0.0,0.0,0,f091fcc18c4fb685ce4ad1ddb72c252ad581e758e1d18109b53de2bc83777547
img_011765.jpg,floating,201.0,194.0,200.0,0.9104,0.701,0.51,1086793,0.0,0.0,0,ac9f302889ba78074fcab43a6996ca242d852813f64578768a92089f8f18e1e1
img_011825.jpg,floating,202.0,194.0,201.0,0.9059,0.701,0.5075,1085307,0.0,0.0,0,6728fee9bf70d7d46ad6a6fe3ad059a1d367b3f81d8bd8fede112ea93993f6c8
img_011885.jpg,floating,202.0,194.0,201.0,0.9059,0.701,0.5075,1080421,0.0,1e-06,2,19813c4bd6164545627efcf2570ee9f2d1a0774e3ef17fb857176cad7998ff59
img_011945.jpg,floating,203.0,194.0,200.0,0.9015,0.701,0.51,1071278,0.0,0.0,0,2fa8a9647df7e4b57b622d2499b8a30d9f2125dbcc2200865914609804927fa0
img_012005.jpg,floating,202.0,194.0,200.0,0.9059,0.701,0.51,1055455,0.0,0.0,0,0873af17597d138f3ec2452c006785f62bbaf43b0a267d0948faa4ca61c4e485
img_012065.jpg,floating,202.0,194.0,200.0,0.9059,0.701,0.51,1044063,0.0,1e-06,2,cddce12a25c6d2efbe41a112597f67d1b2728e8a41e2afc90ef7c9550c21e42b
img_012125.jpg,floating,202.0,194.0,200.0,0.9059,0.701,0.51,1021367,0.0,0.0,0,d0daad99b4eb20201dc60020a4cb0bdcdc7beb653b9134ec6c5fa9fdbf0b79c3
img_012185.jpg,floating,203.0,194.0,201.0,0.9015,0.701,0.5075,992757,0.0,0.0,0,4a01c63185f179fc3fdc89f57a8ec33148c6991eae86b3d7989d8dec8c0e370a
img_012245.jpg,floating,203.0,194.0,202.0,0.9015,0.701,0.505,958782,0.0,4e-06,2,412c460c7dd7df2855021645ba5ac878cbd06713eda9f3f1e0278b9e6ebb7f70
img_012305.jpg,floating,203.0,194.0,202.0,0.9015,0.701,0.505,936011,0.0,6e-06,5,8904f2afb6c829e5aca2fbfdb7d004506160c62e8a9bf01a0e0aac137ff27e9a
img_012365.jpg,floating,202.0,194.0,201.0,0.9059,0.701,0.5075,920582,0.0,8e-06,2,1d5b2e957f5f939dfa9f439013168e094620c6c41c30e18c1b30ea4809cca9fc
img_012425.jpg,floating,202.0,194.0,202.0,0.9059,0.701,0.505,899023,0.0,1.2e-05,4,7d52de1be2df56969ef25925bea72ba936ea7b19900abab179c1c42d71fec470
img_012485.jpg,floating,203.0,195.0,203.0,0.9015,0.6974,0.5025,872132,0.0,7e-06,3,c962c5b0d2b518fc23a3df0b1c970ec04280d2169c5c2ee033d0b9dd40ed5093
img_012545.jpg,floating,202.0,194.0,202.0,0.9059,0.701,0.505,871803,0.0,1e-05,3,40a906916c4fae7de1c23dd29b7aa98f8b14b10b6d24ef57dcc29970800d646d
img_012605.jpg,floating,202.0,194.0,203.0,0.9059,0.701,0.5025,870454,0.0,1e-05,5,09c4f150d5cd80f3b2a5e2a466b066730b2949fb7eb3f7826de0daddb2cb5813
img_012665.jpg,floating,199.0,191.0,198.0,0.9196,0.712,0.5152,963169,0.0,1.4e-05,5,390e35662aa2311d7a848eea92613ebf4a38d4623754177803dcd16a35114e53
img_012725.jpg,floating,205.0,197.0,205.0,0.8927,0.6904,0.4976,759160,0.0,7e-06,4,b18e3e00c7451173fe06e8c4fa8973aae71dd2f864847f741fd7dcaa885d9b82
img_012785.jpg,floating,204.0,197.0,205.0,0.8971,0.6904,0.4976,857990,0.0,5e-06,2,e037c194fd3deefe0fe5b5230eb6715c6d24832d3dba516f542a953fd7916bd2
img_012845.jpg,floating,206.0,198.0,206.0,0.8883,0.6869,0.4951,755982,0.0,2.2e-05,16,2253526ce47d2449dcd67321f8c66f26430de28d6634b52d11a249dffb2f1a54
img_012905.jpg,floating,202.0,195.0,203.0,0.9059,0.6974,0.5025,823678,0.0,8e-06,2,08bf03ba83ae6464f49743a316b29898ccf0fb62073ca560d7c86feec2a8e819
img_012965.jpg,floating,198.0,189.0,196.0,0.9242,0.7196,0.5204,1048482,0.0,1.7e-05,4,935625ceb225cbb431e710bd3a131039c1480bc3ae85a79f95111862e719b537
img_013025.jpg,floating,198.0,189.0,193.0,0.9242,0.7196,0.5285,1220314,0.0,8e-06,4,557464ff77d1eb42b21bc732ba40b180c0b73377a73d7d2d3828ff95c8a807dc
img_013085.jpg,floating,198.0,189.0,193.0,0.9242,0.7196,0.5285,1295458,0.0,1e-06,1,0f1b12b018f20fa479d30e9ae039a5056980186695ac6cc8e05dd36d650a8d16
img_013145.jpg,floating,198.0,189.0,193.0,0.9242,0.7196,0.5285,1294738,0.0,0.0,0,336f8650d1ee43106c35927c42c3e531f5a745e42b28c51b78a692e506d8fd2a
img_013205.jpg,floating,198.0,190.0,194.0,0.9242,0.7158,0.5258,1155418,0.0,1.2e-05,4,eaf7380cf7c8f140115221195224cfb0a37694f97b84b90c7030ef3dbadff45d
img_013265.jpg,floating,198.0,190.0,196.0,0.9242,0.7158,0.5204,1054509,0.0,3.7e-05,12,7691ef3074840e7583b7f013d2994337ab6dfe403f436ddee80bc888f510edaf
img_013325.jpg,floating,198.0,189.0,194.0,0.9242,0.7196,0.5258,1184744,0.0,1.7e-05,4,0acfb93a9c3af8bb781c732029048fb980f5b9e43ccbef39c4e520a82c286844
img_013385.jpg,floating,203.0,195.0,202.0,0.9015,0.6974,0.505,863382,0.0,2.7e-05,9,60b99e6270f39bf6589caee98b09b442e62446cd33dae7f104be70dd442017b6
img_013445.jpg,floating,209.0,201.0,216.0,0.8756,0.6766,0.4722,797224,0.0,2.2e-05,6,a1d55daccf60b0998629accfc44eee7209329e1ee9f207017f7ea04b4d6d3630
img_013505.jpg,floating,209.0,198.0,216.0,0.8756,0.6869,0.4722,958054,0.0,4.9e-05,12,fa99f462591e6658b5ca95bbefcd7b6f536011436526bf8a4eccfad7c9e01971
img_013565.jpg,floating,209.0,199.0,217.0,0.8756,0.6834,0.47,961031,0.0,1.3e-05,6,980afd30599b99dc7dd184c5363985aa8a53f0dbc5068eddbb01c2fa4045c37c
img_013625.jpg,floating,209.0,199.0,217.0,0.8756,0.6834,0.47,962374,0.0,3e-05,7,a13145a3fde6fb4a349efc1e75c1cf586c75e47c14dbd66186354054d819c46c
img_013685.jpg,floating,206.0,194.0,212.0,0.8883,0.701,0.4811,999202,0.0,6.5e-05,15,25a0d4f0be5011ae62037d97bbf7fff9f38e69e0037ce3e170d807d85de70ded
img_013745.jpg,floating,199.0,186.0,198.0,0.9196,0.7312,0.5152,1118295,0.0,3.6e-05,7,a4e0ebed6ee9bb273b2040b23c3886f2a1d1f710e5bffabf9980af65e20ce174
img_013805.jpg,floating,199.0,183.0,195.0,0.9196,0.7432,0.5231,1197467,0.0,2.4e-05,11,59d42efb349ce9fb3dd925e5528f6e9dedb3aaac61d96346fd9655c2791ba4e2
img_013865.jpg,floating,198.0,184.0,192.0,0.9242,0.7391,0.5312,1292895,0.0,9e-06,5,673babc333a16a0a1ff75690de89d9b2dad046f9302d37be561bd3576cb10845
img_013925.jpg,floating,198.0,184.0,192.0,0.9242,0.7391,0.5312,1276074,0.0,4e-06,4,cdc65b8080d2beba925a8f18b8f8d7398ffe6806bd667763cf55a65000e4a187
img_013985.jpg,floating,199.0,183.0,193.0,0.9196,0.7432,0.5285,1257627,0.0,4e-06,1,f6c3b26fdeaee7aed2ca0e658ac6f121761c6a6a3735fed9a6319a447472308a
img_014045.jpg,floating,198.0,183.0,192.0,0.9242,0.7432,0.5312,1265347,0.0,1.2e-05,5,bde47de5e36b6bdddf036f0a63d07586c3fd045c7ec32d29182b27c95b9f993b
img_014105.jpg,floating,198.0,183.0,193.0,0.9242,0.7432,0.5285,1256201,0.0,7e-06,4,2b17328bbad3551350b30edfbbdbcdd07d8d6a3b7c63d6eec8e24bf6bf39af8d
img_014165.jpg,floating,198.0,182.0,194.0,0.9242,0.7473,0.5258,1221908,0.0,3.9e-05,7,ebfb962877317803fe141572cc152c5964d1cf93bb049552a9f293dd295fb9ca
img_014225.jpg,floating,198.0,183.0,192.0,0.9242,0.7432,0.5312,1258451,0.0,1.4e-05,7,9b22e1d96c434755385eb574f1c5f9c828d25bd0c0e5425556397699bada5a41
img_014285.jpg,floating,198.0,183.0,192.0,0.9242,0.7432,0.5312,1264996,0.0,1.3e-05,9,165931e25391d87f7e94717214c1028f68ef312343ff1a54233ca85c69f23584
img_014345.jpg,floating,198.0,183.0,192.0,0.9242,0.7432,0.5312,1264666,0.0,1.7e-05,3,9957f7fcb3cd6d1b5c8fa5278edadc9fb4f4bfda84eb4d61b2eff5243a83b1ef
img_014406.jpg,floating,198.0,183.0,192.0,0.9242,0.7432,0.5312,1257263,0.0,2.2e-05,6,d3c324e9b4671918fa89a471f58583ef7adfe81da31e941d514ea98cdef84a8f
img_014466.jpg,floating,198.0,184.0,193.0,0.9242,0.7391,0.5285,1259674,0.0,5.4e-05,30,65223bb24e0eff43bd53c3a62d5a6d7aebe9d21620eb41cc7ea4bb388b88406b
img_014528.jpg,floating,199.0,186.0,194.0,0.9196,0.7312,0.5258,1219889,0.0,2.8e-05,8,0580fd95bca75eb4218fb5a7f068a6b96b9340762cb8a3c5b6ebf688defc92e8
img_014588.jpg,floating,199.0,187.0,196.0,0.9196,0.7273,0.5204,1205015,0.0,3.5e-05,11,d956c4bb8ec7b259e5d06fb12ea23cc94c0b5d0ddc29a8933260ca6dc151f60a
img_014648.jpg,floating,198.0,186.0,195.0,0.9242,0.7312,0.5231,1206398,0.0,9.3e-05,8,bf14c9002bc34fa5ac4ab1c39f80d75baa5aa495ab52f594e455adb8d6193102
img_014708.jpg,floating,197.0,185.0,195.0,0.9289,0.7351,0.5231,1218452,0.0,9.2e-05,11,8b57992d95d40a7227898837baec4436a557ccb81ebef3f3139b8cf7ebd015f9
img_014768.jpg,floating,200.0,192.0,209.0,0.915,0.7083,0.488,1138187,0.0,0.000119,10,e91f9a29a2091108a3749260a869790466f765488c65eb22a90778c4b69052ca
img_014829.jpg,floating,206.0,198.0,213.0,0.8883,0.6869,0.4789,982073,0.0,8.5e-05,26,326594b2bb93dcee4faa7f369936fbb2154dff5239e2bed603daaad9207aeff8
img_014891.jpg,floating,208.0,198.0,212.0,0.8798,0.6869,0.4811,952446,0.0,2.8e-05,6,9ba91cbb80fc2741791e45406bf763a8d1fbe19fe8c8536b3f72d892f3646ded
img_014952.jpg,floating,207.0,197.0,212.0,0.8841,0.6904,0.4811,948824,0.0,5.1e-05,7,66e6108560e702c986a6f98e90e3832b5ac4023a23f1604003194f7ffd266572
img_015013.jpg,floating,206.0,196.0,211.0,0.8883,0.6939,0.4834,961619,0.0,4.3e-05,5,7e6edec58d43ee1e15b77a090b8d700faa9ee5a743d00ba588b93d65890c5fa7
img_015080.jpg,floating,206.0,196.0,211.0,0.8883,0.6939,0.4834,927210,0.0,2.6e-05,8,e2b8033ac894c779258d5d91ce7b713e698c8317f1a503a9a07a8dc31604dd19
img_015143.jpg,floating,205.0,195.0,210.0,0.8927,0.6974,0.4857,924855,0.0,4.1e-05,13,378c13a0c670ff411d36dcfe5de4880848dc79bbe31b7cb31a664dd32b275c82
img_015203.jpg,floating,202.0,192.0,209.0,0.9059,0.7083,0.488,1030043,0.0,5.5e-05,7,370f3a47f874ff50d969da382a2ce6365d69dc31d51086238be22337bc463d2f
img_015263.jpg,floating,200.0,190.0,207.0,0.915,0.7158,0.4928,1134341,0.0,0.000137,21,be6a5e2b9bed712480ce0eca3be1898ab92e06a183a1f479217108c9de256dd3
img_015323.jpg,floating,200.0,189.0,205.0,0.915,0.7196,0.4976,1191055,0.0,6.7e-05,14,eddfad97335148144c3e6608cdde8b3733efe517c089b83c947f05cce420f1d0
img_015383.jpg,floating,200.0,189.0,204.0,0.915,0.7196,0.5,1226831,0.0,5.9e-05,15,5df9f4704eb2195d14ca9b4f3614311baa1f65f34ad57c8694e4bcc4f77af5ca
img_015443.jpg,floating,200.0,190.0,204.0,0.915,0.7158,0.5,1236284,0.0,7.3e-05,32,a16cd2399b2522cd040ccbccae15fd90f90c45c2de6d49ba95b65147b5d254a4
img_015504.jpg,floating,200.0,191.0,204.0,0.915,0.712,0.5,1237108,0.0,3.9e-05,8,d63d7e827bb15b35e2970c8a903395a27932d9dac9a019aad633c9cff1f92571
img_015564.jpg,floating,201.0,192.0,204.0,0.9104,0.7083,0.5,1209589,0.0,2.6e-05,4,097cf690a77c03164862c0489e3a195318af70895a0775a7e9e5cceba64d2006
img_015624.jpg,floating,202.0,193.0,205.0,0.9059,0.7047,0.4976,1182284,0.0,5.4e-05,11,055635771b217eb49a1e55a85e64d6fe9c2e31768c56d3c3d3500f387be4a2d5
img_015684.jpg,floating,202.0,194.0,205.0,0.9059,0.701,0.4976,1158088,0.0,3.1e-05,6,0e5e06d80e4af72ae6296df495d86c4dae02601fd6157d423ad091c8912ccc42
img_015744.jpg,floating,203.0,194.0,206.0,0.9015,0.701,0.4951,1126310,0.0,4.5e-05,6,5b6588bdd3af9abc33cd71fcd86d7e92376e730471bed4354e03789ecd823799
img_015804.jpg,floating,204.0,195.0,207.0,0.8971,0.6974,0.4928,1098777,0.0,6.7e-05,10,a834b4a6ad0b57692817a3bfe84c87380223718f1878eaf31b5c4e0f61bc5912
img_015884.jpg,floating,205.0,195.0,207.0,0.8927,0.6974,0.4928,1076526,0.0,7.9e-05,10,c841f926b0d1f06a982e992ed9d95647710d2b44cd9b8b0d5cf8f9b2c4aa540d
img_015955.jpg,floating,205.0,195.0,204.0,0.8927,0.6974,0.5,1079779,0.0,7.1e-05,11,02571033843938f9da84711b612e4b4339d05d52826ac2bb200933689af088df
img_016023.jpg,floating,205.0,195.0,203.0,0.8927,0.6974,0.5025,1059504,0.0,6.5e-05,5,4f1742d72c3c21fdca61940dc8e7439d9ec0a77f37868d082a7b7441ef5e19bd
img_016083.jpg,floating,206.0,195.0,203.0,0.8883,0.6974,0.5025,1033152,0.0,7.2e-05,10,ce5ba906eeb3e654acfa8fe7593e5cd51f76b5176c926f561c8a4dc91ab8f5c5
img_016143.jpg,floating,207.0,195.0,203.0,0.8841,0.6974,0.5025,1009615,0.0,7.2e-05,9,c279d35bb4f92d7f27c3bdfad3c68d38958ec23d031b257a2c2b345327651472
img_016203.jpg,floating,207.0,194.0,203.0,0.8841,0.701,0.5025,998272,0.0,0.000105,7,33605e905b3d503f73458182798417e57aa062b533975628995ec77ac35f5f96
img_016263.jpg,floating,207.0,194.0,203.0,0.8841,0.701,0.5025,997754,0.0,8.8e-05,9,203af1bb8dc5d87d48fbd9772bb0ba799992edea6b46ec0ea1758b9148ee03f4
img_016343.jpg,floating,207.0,193.0,203.0,0.8841,0.7047,0.5025,985235,0.0,0.000141,11,00960d156ccc9048e75f7624b4e5ef7962276c2e5cc3a11940bfac24e65bf814
img_016403.jpg,floating,207.0,193.0,203.0,0.8841,0.7047,0.5025,979310,0.0,0.000149,17,2134e1b3ebc6b3d2431573e045d158ad8e83bcdac594ef434e1b1a253b42506a
img_016463.jpg,floating,208.0,193.0,204.0,0.8798,0.7047,0.5,972782,0.0,0.000179,16,11200d5c269f3b63f66bd402f2b6353a5fe82a7e2c633ad775a757de5fbcd416
img_016523.jpg,floating,208.0,193.0,204.0,0.8798,0.7047,0.5,983366,0.0,0.000139,44,ea1d3c4963a19280f25664dc1f2c83b609f21ad48059d5580254bb4a67ab7334
img_016583.jpg,floating,207.0,192.0,203.0,0.8841,0.7083,0.5025,977358,0.0,0.000162,18,c85059cc03c1425b7309e3eb8fbd687f43975a6c38be179d424e8b6bf43877c2
img_016643.jpg,floating,207.0,192.0,203.0,0.8841,0.7083,0.5025,992495,0.0,8.8e-05,17,7d92a51d0de949df93e6ea1a5f150c88e01838bef6bd247dc37ed0a7d52d0839
img_016704.jpg,floating,208.0,193.0,205.0,0.8798,0.7047,0.4976,1043941,0.0,4e-06,2,cb9e0124ed9a0c90ed67eac10e5c938753632d3e57e5feace4472c604da32b0a
img_016764.jpg,floating,209.0,195.0,207.0,0.8756,0.6974,0.4928,1054073,0.0,0.0,0,ff69b9f90c46b51eddb7f841783b57485523f0588d0e7c9ca7ddcadc5e08bf01
img_016824.jpg,floating,210.0,196.0,209.0,0.8714,0.6939,0.488,968028,0.0,0.0,0,e66c41ad82dac574934b40a493edd227150eba934bd921a8fe3fd6cc7d54eb9a
img_016884.jpg,floating,210.0,197.0,210.0,0.8714,0.6904,0.4857,904106,0.0,4.3e-05,55,4f536c619e2404a8b927d75f07379ee3ad909d0c72d759f4f8934d703d339647
img_016944.jpg,floating,210.0,197.0,210.0,0.8714,0.6904,0.4857,867904,0.0,1.8e-05,18,1fbdef5bc14bba6f7b1f98d9413b30f8cf76658206a82b904be23345bfe27fc6
img_017004.jpg,floating,209.0,199.0,212.0,0.8756,0.6834,0.4811,831429,0.0,1.2e-05,17,24e84782dd82a4fb915473d1a5955151146cd59295789daf636ae655273a1534
img_017064.jpg,floating,206.0,199.0,212.0,0.8883,0.6834,0.4811,807326,0.0,0.0,0,da697ebd981ed3d5423b2baf054170eed4e955efd0d90174e3c95f73320d2058
img_017124.jpg,floating,205.0,199.0,213.0,0.8927,0.6834,0.4789,931902,0.0,0.0,0,acf2c67794159c25a12246de64adbfb7fa77c0d00a0e6e4fb8653bbf3078c6ca
img_017184.jpg,floating,204.0,199.0,211.0,0.8971,0.6834,0.4834,954920,0.0,0.0,0,7003ffdab3f865ebe11a3c5657aa6be076235a18e6d95e8fcf78c481cb556729
img_017244.jpg,floating,204.0,199.0,209.0,0.8971,0.6834,0.488,920163,0.0,0.0,0,28f8d287995e3da30b8eb117091d0a6e0202e39820562f622fbe0899a35c43c6
img_017304.jpg,floating,204.0,196.0,207.0,0.8971,0.6939,0.4928,1066135,0.0,0.0,0,e3eb4a17e8d382217c9752e8ad471acd6577336d9757a244eda1bfa8477d2c4d
img_017364.jpg,floating,201.0,193.0,204.0,0.9104,0.7047,0.5,1039593,0.0,0.0,0,8bc6822a7345c5ec8076580864454acaf5e4ac057b5dfd560b0c335e8357c7d2
img_017424.jpg,floating,199.0,189.0,202.0,0.9196,0.7196,0.505,1067442,0.0,5e-06,6,9e98922830dbe18b687e5bbf54097d3b680d7f3bccceefbfaa6df7db5262b9b7
img_017484.jpg,floating,200.0,188.0,201.0,0.915,0.7234,0.5075,1099296,0.0,1.2e-05,9,4eaaf66fa4d0d7ce35d1bf34ce788bcb5b5ec1f9d03e6055a3b211e2a7f3daea
img_017544.jpg,floating,201.0,188.0,201.0,0.9104,0.7234,0.5075,1126159,0.0,3e-05,6,601b85870d2722f0d74febf42978a0062e048c7c5a559ea6f6bd89e17ca6b7c4
img_017604.jpg,floating,203.0,187.0,200.0,0.9015,0.7273,0.51,1162867,0.0,3.5e-05,11,e816a4af242710249fac562c092e45d38f7d75ab5ed359a6704c1ba4609c7a8f
img_017664.jpg,floating,204.0,188.0,201.0,0.8971,0.7234,0.5075,1192644,0.0,0.0,0,a8867053ae17d52ccea4fc3aea65cff11b3e0f3ec8e5091c3e2a10b87e2cee72
img_017724.jpg,floating,205.0,191.0,204.0,0.8927,0.712,0.5,1182340,0.0,0.0,0,8ca7aec88a699757cbb7b129302741341c3f8c652af8311b34b375766277c737
img_017784.jpg,floating,206.0,193.0,206.0,0.8883,0.7047,0.4951,1081289,0.0,0.0,0,9f2ebf4bd0d7e36ba1c6b2f43c2ad575ce130e3d95c5df155b9ed854b7c4743f
img_017844.jpg,floating,207.0,195.0,208.0,0.8841,0.6974,0.4904,1070877,0.0,2.1e-05,15,ccc0a493d1ab3347af27e78334d189565ba3c87ca3eb01789a08b2a99058b972
img_017904.jpg,floating,207.0,196.0,210.0,0.8841,0.6939,0.4857,1083827,0.0,1e-05,13,c2b3b1b7deb4532010bb7d4086c12e6e199aeb770595b3ca47eca003f3e6d4cd
img_017965.jpg,floating,208.0,197.0,212.0,0.8798,0.6904,0.4811,1130927,0.0,2.4e-05,15,906d379b4a54a5a5c5658a9c7f11ed46dba44a16a7bc0e296f285f2aeb397d64
img_018046.jpg,floating,208.0,197.0,211.0,0.8798,0.6904,0.4834,1104011,0.0,2.2e-05,24,4d4b7dc7f394dc1dc9a960db8ce859e281705196946f4f2fbfa3d3563d98eba7
img_018106.jpg,floating,206.0,193.0,206.0,0.8883,0.7047,0.4951,1079729,0.0,0.0,0,0343def0de2f99a3219670e81afd1e9aa112b730bb00543ede9382436c0be7c3
img_018166.jpg,floating,203.0,190.0,202.0,0.9015,0.7158,0.505,1154389,0.0,0.0,0,32c24e023c151deaf731c0203ba57a0345e5bbc8b0e2a14f0c41429c49bc81de
img_018226.jpg,floating,202.0,189.0,201.0,0.9059,0.7196,0.5075,1163941,0.0,0.0,0,eaa7643123c18d96b95c6d49840418dbb16e71d0e84fdbcf953e98708d95bdf2
img_018287.jpg,floating,203.0,189.0,202.0,0.9015,0.7196,0.505,1163822,0.0,0.0,0,b109dd8d500c10867408e5e52d6894b178cfd9c9e1797e96de98ebdd4b1d20cc
img_018347.jpg,floating,205.0,192.0,204.0,0.8927,0.7083,0.5,1103114,0.0,6e-06,4,99ad0a11dc3c8386f3e4c8c64c6a67d65ce0bc0d150bf98af5af55a884ac45f5
img_018407.jpg,floating,207.0,196.0,210.0,0.8841,0.6939,0.4857,1053432,0.0,1.9e-05,8,7d59b564d9bbd305f0d366cacbfdb34a6ecf77d6080abbe1867ed955f39858c0
img_018467.jpg,floating,209.0,198.0,212.0,0.8756,0.6869,0.4811,1070456,0.0,1.9e-05,21,3e25d43b4ed9dc0f0c65dbe2cb4bb992b9494896281f820c554ce2c1e4bf5f17
img_018528.jpg,floating,210.0,200.0,213.0,0.8714,0.68,0.4789,1209671,0.0,0.0,0,cb0478a1f5c672df885fdb355babc22204d333a4c3dd2330668806f6ea41eef9
img_018588.jpg,floating,212.0,200.0,209.0,0.8632,0.68,0.488,1343799,0.0,0.0,0,94ee9f03d51b46af356b160a8534fd95da71de9751d3a06560ccfcac06f9c782
img_018648.jpg,floating,208.0,197.0,205.0,0.8798,0.6904,0.4976,1244442,0.0,0.0,0,307d6b0bf1bfdbeda8557c640605dd80fa5e639635bb95c9065785bccafe0612
img_018708.jpg,floating,203.0,194.0,203.0,0.9015,0.701,0.5025,1083630,0.0,0.0,0,a2382cf6898e516aa88f680d02e2ab56070c493ddb7a19a3479e66e9f58f5855
img_018768.jpg,floating,201.0,190.0,201.0,0.9104,0.7158,0.5075,1165981,0.0,0.0,0,6984982c95b883f8be411c77a7d56c01ceaac836e1cd620415f4016a266ec107
img_018828.jpg,floating,203.0,189.0,202.0,0.9015,0.7196,0.505,1219386,0.0,4e-06,3,c67391422b08558e139dcf87892a2adc5c14a8f76b41d54f6d86039a37c0863f
img_018888.jpg,floating,206.0,193.0,208.0,0.8883,0.7047,0.4904,1045609,0.0,4.3e-05,22,b7e4bea7eaf2502951a27da56a5b1a3b866de06d4f3a30661f1a32396469b702
img_018948.jpg,floating,210.0,199.0,213.0,0.8714,0.6834,0.4789,1015981,0.0,1e-06,2,73bf3e914da88919c9f46b10c0c776aa5dec569eb5ca34ccec689676bee276b9
img_019008.jpg,floating,212.0,201.0,210.0,0.8632,0.6766,0.4857,1328125,0.0,0.0,0,78bad88b0ab63ab83e1405adc68445b0cd9c88c839d5b2fa4ab79163d7f4c6d4
img_019068.jpg,floating,209.0,198.0,206.0,0.8756,0.6869,0.4951,1285184,0.0,0.0,0,8d8b12589ff8e4ebf3e7db837aef0ba73a17b9c74924c686f4f449e3177c7932
img_019128.jpg,floating,205.0,195.0,204.0,0.8927,0.6974,0.5,1066306,0.0,0.0,0,559f06c7a1eede8d652078749424637762ad137b212dd7838366112047749e8d
img_019188.jpg,floating,201.0,192.0,202.0,0.9104,0.7083,0.505,1119411,0.0,0.0,0,35eba62e03fe8a6d39ba422d7515661a5145f9d3f3dc0626fcff79ca077e2655
img_019249.jpg,floating,201.0,192.0,202.0,0.9104,0.7083,0.505,1125075,0.0,0.0,0,ddfb110e2960451eef064af280da374b532ffd481e330c5cdbc629702653ea3d
img_019313.jpg,floating,201.0,191.0,202.0,0.9104,0.712,0.505,1132071,0.0,0.0,0,c8fe68676d3f3620bfd879a11ca1dff844a7d0bec01902cece15aa2dec8e8313
img_019373.jpg,floating,202.0,189.0,201.0,0.9059,0.7196,0.5075,1237438,0.0,1e-06,1,84001246781a6419c8c41bfd26f156f99380824860181fe436cc5e14e16c5930
img_019433.jpg,floating,203.0,190.0,202.0,0.9015,0.7158,0.505,1226972,0.0,1e-06,1,32f94d66072375d04f118a2ab29c4480111587d35d35d59cdbf4f3b4fbd3d18d
img_019493.jpg,floating,204.0,191.0,204.0,0.8971,0.712,0.5,1171216,0.0,1e-06,1,484c2ac3c58ea98c14ac4c78eedc6a092a37898d6c5dceba93a17497a7f18537
img_019553.jpg,floating,205.0,191.0,205.0,0.8927,0.712,0.4976,1148471,0.0,3.2e-05,14,961361922ec211686490bc5e00d88afbdd993baec7fcd293a524a75ba7020e18
img_019613.jpg,floating,206.0,193.0,206.0,0.8883,0.7047,0.4951,1036125,0.0,3.4e-05,11,d68972dc7dd7521770e64c5c16ca50268cb65a9e6e4441b8512aaa38dc7955c1
img_019693.jpg,floating,206.0,194.0,208.0,0.8883,0.701,0.4904,990807,0.0,4.3e-05,10,a9cc125aa70877a00cd93b69421cd57fd2bd790a7246e720ff0b6320cf102ad3
img_019753.jpg,floating,207.0,195.0,209.0,0.8841,0.6974,0.488,939608,0.0,3.2e-05,9,91051a54ab2910d76a638c618480e76e75f8010515b32e97c846592c334e52f3
img_019813.jpg,floating,208.0,195.0,210.0,0.8798,0.6974,0.4857,914522,0.0,0.00014,19,ddd1d09d97cf067c1d368176549de7dbacea6c6d058445952b9d7f254d8d05b5
img_019939.jpg,floating,208.0,195.0,210.0,0.8798,0.6974,0.4857,909156,0.0,0.00013,22,f6400d4bd2d2e9ca71e56088e32c11dbfbf1d781d57809f8591da9d6455abcf0
img_020000.jpg,floating,207.0,195.0,209.0,0.8841,0.6974,0.488,928431,0.0,2.4e-05,6,56459bcc8ee803be3a25bdce831d66904cb4718f39c191b6ff92c788af566298
img_020060.jpg,floating,207.0,194.0,208.0,0.8841,0.701,0.4904,956492,0.0,0.000106,33,ae5c6cf13f3bca7b22fd33d00deef68997a090642743b2b5ae42e8cde6d21d41
img_020121.jpg,floating,207.0,194.0,207.0,0.8841,0.701,0.4928,995281,0.0,8.2e-05,18,979ac48490db07a164403ff5d15968f99e28848334246f5804ad71ff452e783b
img_020192.jpg,floating,206.0,193.0,206.0,0.8883,0.7047,0.4951,1087123,0.0,1e-05,6,824467f532d589f19558b657a95728c6b9c6b1a7302d6dce70fb3d380708b0fc
img_020252.jpg,floating,205.0,191.0,204.0,0.8927,0.712,0.5,1184537,0.0,2e-06,1,a544709a3d99927e84dfb2a05785e2ec97f9e8f375fe6b556f3bbcdac3978681
img_020312.jpg,floating,203.0,190.0,202.0,0.9015,0.7158,0.505,1254799,0.0,0.0,0,72a5544d0ecd16abcf729459f17944c4bd26267e051cee8506efb5f41ed38775
img_020372.jpg,floating,202.0,190.0,202.0,0.9059,0.7158,0.505,1223361,0.0,0.0,0,d9bc494d6b6e19122445784fd22a7eed97953a5d07ca01380a5de03a71fbb43f
img_020432.jpg,floating,203.0,194.0,205.0,0.9015,0.701,0.4976,1056065,0.0,0.0,0,a5fbc3bb8e995512e9ac355e19e42f524432a4adc1e88bae65a5c2ffbe1f80eb
img_020492.jpg,floating,206.0,196.0,206.0,0.8883,0.6939,0.4951,1163567,0.0,0.0,0,523f71d6f0eec9dd587938c5b06293a389b095f180b1c56836941d80c14ebd23
img_020552.jpg,floating,209.0,199.0,208.0,0.8756,0.6834,0.4904,1294434,0.0,0.0,0,01159e6ace9eeb0f29a58e43025066bc5d19d6f513e74ba7d18155fbe2503b49
img_020612.jpg,floating,210.0,199.0,210.0,0.8714,0.6834,0.4857,1267081,0.0,0.0,0,71d0ac72857e93a268deed9003057238de51820dea3538dd0e925dcc145d3c00
img_020672.jpg,floating,211.0,199.0,212.0,0.8673,0.6834,0.4811,1050246,0.0,1e-06,1,6bd1174c315ce3aa52ef22776af51c3c35e83887f0ca455f6e306e5343e9c307
img_020732.jpg,floating,212.0,200.0,213.0,0.8632,0.68,0.4789,871676,0.0,4e-06,5,5cff8520f3e81bf92e7235f83a50ddc11daf4adc2311d6b10c17ffdd3e7c91f1
img_020792.jpg,floating,213.0,200.0,214.0,0.8592,0.68,0.4766,732048,0.0,2.2e-05,5,d6ed0c4b0169cd18dd9fe19a59b3aa2c68e246681c108edb87ab81b4e2e48110
img_020852.jpg,floating,213.0,200.0,213.0,0.8592,0.68,0.4789,685952,0.0,5.1e-05,14,2c02a2da8b0ca62d77aa6d67d1151f626917ebfd4e4170bfe93a21cea9267feb
img_020912.jpg,floating,212.0,198.0,212.0,0.8632,0.6869,0.4811,693658,0.0,8.4e-05,13,3b05fb190ffa757b9fafc3482fe9b9801da6340df46f2c33cfca1f915a869cee
img_020972.jpg,floating,211.0,197.0,210.0,0.8673,0.6904,0.4857,761110,0.0,0.000175,37,a4b30ed1b1addd75f8d18a54258c704ee9ce73b316b2b229b5b21978002ee4f9
img_021032.jpg,floating,209.0,195.0,208.0,0.8756,0.6974,0.4904,903042,0.0,0.000106,18,2b3ae4ed5bde12ad8dfea96ad0f095ef9475dddd720c9504729bf2bd3c8a94f6
img_021092.jpg,floating,206.0,193.0,205.0,0.8883,0.7047,0.4976,1108584,0.0,9e-06,11,72852661d63b2b396e89339a1deb9fa9a623ec040ec0945b6fa314654deb7d51
img_021152.jpg,floating,205.0,192.0,205.0,0.8927,0.7083,0.4976,1171680,0.0,1.2e-05,6,398ce036779b8ee2d550531fcdcbfa7875dc571170a0d5cec332182afe287d5f
img_021228.jpg,floating,206.0,193.0,205.0,0.8883,0.7047,0.4976,1134800,0.0,1.3e-05,7,f3a165cc8ea1e2ea932ec04491bb42d42feb9109dc4891f5b275931801837b4d
img_021288.jpg,floating,208.0,195.0,207.0,0.8798,0.6974,0.4928,971666,0.0,1.5e-05,9,807be13488954c976ccd2af8a5c4c330da61f9124e1d73344ac70c2246b0ce32
img_021348.jpg,floating,212.0,198.0,209.0,0.8632,0.6869,0.488,766395,0.0,0.000102,25,1b0b13d240579a12d549252ef20a10c9d7064081292e4f737eb1d061bef90003
img_021408.jpg,floating,213.0,198.0,210.0,0.8592,0.6869,0.4857,710217,0.0,0.000143,18,247917d75a7b8874bc82aec7b818caf16afcbaa9d43aae0d2d030de64555fc77
img_021501.jpg,floating,214.0,199.0,211.0,0.8551,0.6834,0.4834,680933,0.0,0.000111,19,03f6b1fc3fed6d1fa85f788081149f7b5d3002dac5992a0bc1e371dc85d0cc41
img_021561.jpg,floating,215.0,200.0,211.0,0.8512,0.68,0.4834,636068,0.0,0.000144,18,9bbcfa236e9d22e20d326673a6c44c584146e31db6983d7972ca84bd36351f3d
img_021622.jpg,floating,214.0,200.0,212.0,0.8551,0.68,0.4811,632730,0.0,0.000679,79,dad8c2aee92e76effb8b17cbd0040bdc904169ba0ee911afd7eaf30bc6c1fb5c
img_021682.jpg,floating,213.0,202.0,213.0,0.8592,0.6733,0.4789,639388,0.0,0.000831,32,f41e2c5bf0572c6b67e67ae7c3d742d4033e203d939d1dc4f55a8ea2560915ff
img_021742.jpg,floating,217.0,202.0,213.0,0.8433,0.6733,0.4789,518857,0.0,0.000421,37,c7d44dacfb87692ab721df08869015e7a77133d5bf227344122cde040f1010b9
img_021812.jpg,floating,217.0,203.0,213.0,0.8433,0.67,0.4789,467302,0.0,0.000293,68,7f59669ce8dd4e90bfa30939467d6032d22701fc4c296a901b3c5c2d685f7261
img_021872.jpg,floating,217.0,204.0,214.0,0.8433,0.6667,0.4766,425804,0.0,9e-05,17,02ef8a14220b8220445ea80aeaf43193aeb9e352a7c880efdaf4528a32d32ab9
img_021938.jpg,floating,218.0,205.0,214.0,0.8394,0.6634,0.4766,385601,0.0,4.1e-05,13,3d818013e7cdf3619ff2c5d910f32faa6e8edfaae9a5f107732e5af958801342
img_021998.jpg,floating,218.0,206.0,215.0,0.8394,0.6602,0.4744,363830,0.0,3.5e-05,13,83820c1cc5b6ef0f21aa52b26281198a22732d48243ca004bbded99484518ecd
img_022058.jpg,floating,218.0,207.0,215.0,0.8394,0.657,0.4744,349190,0.0,9.6e-05,19,c808887016af4ea57025f0ab0d1f552237857eaee7816c650e0199fd6452fb1c
img_022125.jpg,floating,219.0,208.0,215.0,0.8356,0.6538,0.4744,320275,0.0,4.9e-05,12,55319aa0d3d9abf20fa67c9c3f1464629b462e7278bb8214b9af2558349af6a1
img_022192.jpg,floating,219.0,209.0,216.0,0.8356,0.6507,0.4722,293544,0.0,0.00013,17,a112f8e0417db971a9c6f374c31bac092c9e3c95f84f3e289552347630178014
img_022256.jpg,floating,220.0,210.0,217.0,0.8318,0.6476,0.47,268637,0.0,0.000129,19,6be526c519562c1c742ac39d40fd23bf4dad7837214b0d5a5cec16fbf93d1e73
img_022319.jpg,floating,219.0,211.0,218.0,0.8356,0.6445,0.4679,237584,0.0,0.000155,16,2e8187b1e4a2d5a271d2830a2c3919db103219d14a8b22f36c6265861447c34f
img_022379.jpg,floating,219.0,212.0,219.0,0.8356,0.6415,0.4658,233228,0.0,0.00021,32,62bdd2b5e00fd7f971ee80300b6f48f51c56caec69e83ccc57c7e83497b24aa8
img_022439.jpg,floating,220.0,211.0,217.0,0.8318,0.6445,0.47,293343,0.0,0.000203,45,092b61686da58581c244dcd6b7706ecb786b332b3685c9555c349a80d7de96c5
img_022501.jpg,floating,220.0,212.0,217.0,0.8318,0.6415,0.47,281934,0.0,8.8e-05,21,2a16ffc77c861dd0ec48787d82c2fcd9b389f6462be5011722690163e6c9ebf7
img_022562.jpg,floating,220.0,212.0,217.0,0.8318,0.6415,0.47,265404,0.0,0.000132,19,f4775e51bf7959233dbfa74cfde4df4e7457f35d84d24f0661784b5031ceb161
img_022622.jpg,floating,220.0,212.0,217.0,0.8318,0.6415,0.47,256367,0.0,9e-05,15,7acb1e225ab21c66f786cde8455d479ef065e0f68bfde819746b208058cae45a
img_022682.jpg,floating,220.0,211.0,216.0,0.8318,0.6445,0.4722,251467,0.0,8.5e-05,16,951c4d0f5235b7830123a08d27d85ed322670d9edde0051978fa84e9dbcaae4d
img_022742.jpg,floating,218.0,211.0,217.0,0.8394,0.6445,0.47,208799,0.0,0.000137,16,cb123b5609c7d1c04eccb1c31fc9dc6ba0b14724ef81c73630f5be8097ecfda6
img_022806.jpg,floating,218.0,212.0,217.0,0.8394,0.6415,0.47,184361,0.0,0.000102,19,60305f7277bb05258aa503fc22418d6908a812b949947ea9b90f58a6e37002d2
img_022872.jpg,floating,218.0,211.0,217.0,0.8394,0.6445,0.47,172163,0.0,0.000216,18,832f3bcf162c672d0642bd3e0ce332eed84c71520a1a5f639040ea3bc3f24f06
img_022933.jpg,floating,212.0,207.0,216.0,0.8632,0.657,0.4722,218717,0.0,0.000145,21,3422489ac3dfb2cf25406b39a11d4b2699a1fbf7b03e2cc3e14518d537fb5726
img_022993.jpg,floating,205.0,203.0,215.0,0.8927,0.67,0.4744,170176,0.0,0.000279,40,c6f3b34054bd92ee7b7df6dcf9b960015e9bf47f04c3b81a09038adc07527212
img_023053.jpg,floating,202.0,199.0,214.0,0.9059,0.6834,0.4766,143370,0.0,0.000392,44,7111db2b2454caa15677148e6df50c239c4894b6815befc084291dc075ac206f
img_023119.jpg,floating,201.0,198.0,213.0,0.9104,0.6869,0.4789,128325,0.0,0.000462,43,2fddee9d42639afc557b8500e932960e285809a12c09025a725775391c8c366d
img_023190.jpg,floating,200.0,198.0,212.0,0.915,0.6869,0.4811,120957,0.0,0.000329,34,5a50f0fee6ff0adfa1991e2b84f99b00db8db3651a514b8cdf5c1cc6f08f61a1
img_023254.jpg,floating,199.0,197.0,213.0,0.9196,0.6904,0.4789,118429,0.0,0.000643,43,62a2b38e3add4093126c9a63a48d76556433c5c5feaf0aa218fed991f11e9f96
img_023314.jpg,floating,200.0,197.0,213.0,0.915,0.6904,0.4789,126552,0.0,0.000637,53,165051dd6648336b847b35d85daa107f52656d5bd39bf1c4bb4f0410ea244099
img_023379.jpg,floating,199.0,197.0,213.0,0.9196,0.6904,0.4789,114447,0.0,0.000438,45,36a25086fe876e60538919b9f62532f6ba5a05fa16ea1f416fb16147f8221dab
img_023439.jpg,floating,200.0,198.0,213.0,0.915,0.6869,0.4789,111537,0.0,0.000392,31,eb96bb0222f07100e9c340b5a55a32e1c9d3fa5d0be7625b55c7f0425607560a
img_023500.jpg,floating,199.0,195.0,212.0,0.9196,0.6974,0.4811,211161,0.0,0.000203,82,aed4d7bf8fe74b7a7969624988868608e7fecad381e9cbe16baf333bef0eea95
img_023566.jpg,floating,198.0,195.0,213.0,0.9242,0.6974,0.4789,198576,0.0,7.8e-05,25,be9d82c29d8e22147ebed82e20241d7df2ecb72f03009b6abcd3fc9c9168d10a
img_023626.jpg,floating,198.0,196.0,207.0,0.9242,0.6939,0.4928,218811,0.0,0.000137,20,8e86896f5c5dde530cdff5362a75eb819e6a7a8dd175b7ea192777e6e2b072ef
img_023686.jpg,floating,197.0,195.0,207.0,0.9289,0.6974,0.4928,190869,0.0,0.00015,17,c471b19ee7783e093d982a8d931d352acbf9d31f72e4d7582914b9d1444e2d24
img_023746.jpg,floating,196.0,194.0,206.0,0.9337,0.701,0.4951,155739,0.0,0.000289,31,d2e90579b17b4678403cf3dc54192ea5b468a9fd3b08bf2505c3e54e5c54d359
img_023809.jpg,floating,196.0,193.0,206.0,0.9337,0.7047,0.4951,131165,0.0,0.000396,58,5ae7a8f2500854046357dd4af73e239d0bdb18dd79a2681bcec6209f3c553870
img_023869.jpg,floating,195.0,192.0,206.0,0.9385,0.7083,0.4951,139310,0.0,0.000112,11,2416e5a0f3c37e18667210c6156a72c5df9d226089d9e5401e4e346700f3ac68
img_023929.jpg,floating,195.0,193.0,206.0,0.9385,0.7047,0.4951,109963,0.0,0.000166,27,f108adc7d22c9d8a14f78ad16e02faacde6cef166b24e36e181f75a856fd3959
img_023991.jpg,floating,195.0,193.0,207.0,0.9385,0.7047,0.4928,105794,0.0,0.000301,23,202821948601aae510451c14d5afa1198df6e7c81b0df7555ea218777b77551f
img_024054.jpg,floating,198.0,195.0,207.0,0.9242,0.6974,0.4928,73433,0.0,0.000238,38,28fdd294a518c97905163b8b38bc30f92c2819230ae8fed0329b815d41326b65
img_024114.jpg,floating,200.0,197.0,206.0,0.915,0.6904,0.4951,50794,0.0,0.000171,24,31ecdb423ccc34f1c9c63d90ba19915c5560a037286ed26bc309af8613eddef6
img_024174.jpg,floating,199.0,196.0,206.0,0.9196,0.6939,0.4951,34817,0.0,0.000184,18,6ef09045d2d25ed1d14e9869312182a556f06de0c26b882a310b6becdbfee083
img_024235.jpg,floating,103.0,132.0,182.0,1.7767,1.0303,0.5604,1345531,0.061449,0.006474,559,cf2807ca81bfa5449d9fb896ade3803798ff0d7f3b9ef3c7c5f176e3aa811fed
img_024295.jpg,floating,102.0,132.0,182.0,1.7941,1.0303,0.5604,1347326,0.05878,0.00258,174,072d74027c896107ce8b5dc4f153409447d09913f8332870922dcb6a9232bd11
img_024355.jpg,floating,106.0,130.0,181.0,1.7264,1.0462,0.5635,1348124,0.055573,0.000962,78,a00e56fbbf302824b0c9e6c1f8bcbc901ac2d00f98e68fe19f0a8096d71fd453
img_024415.jpg,floating,104.0,130.0,181.0,1.7596,1.0462,0.5635,1347840,0.059011,0.000959,112,d99d894f9b3ec34972bdfa9390dd072d3d84c8d66ab17322ecff7621e997f58a
img_024475.jpg,floating,104.0,129.0,180.0,1.7596,1.0543,0.5667,1346650,0.059414,0.00121,288,1b423c8d21b583a383b5048cb5473eadbfea8a21db464d3e1cd6e3c7eaf35e8e
img_024535.jpg,floating,196.0,191.0,208.0,0.9337,0.712,0.4904,25430,0.0,0.000145,49,7d39cbea303eef2d68ece46cfa0b6be3d3e8c96f495839db0a3b75feef57234f
img_024595.jpg,floating,192.0,189.0,209.0,0.9531,0.7196,0.488,23871,0.0,0.000178,18,45e94d8cf709c69442f8e14461be79133fdae2054181d96b2514666322f01f64
img_024656.jpg,floating,194.0,192.0,205.0,0.9433,0.7083,0.4976,52175,0.0,0.00012,31,9d84778399af237c9b53d300c60b1f84a25be48ee5b4bd421106c4cf696cd2b3
img_024716.jpg,floating,191.0,188.0,199.0,0.9581,0.7234,0.5126,108077,0.0,5.7e-05,12,9b3fc41bf65f261b4ee11993659cdd7e4ea849119abda6f41936a29773a68fe6
img_024776.jpg,floating,191.0,189.0,201.0,0.9581,0.7196,0.5075,114513,0.0,0.000138,47,3d182ff9625ade68e6a5e9dcb8e0ff4d7cd6fd60a7d0ef9ff845193a62b804f5
img_024836.jpg,floating,191.0,187.0,201.0,0.9581,0.7273,0.5075,138711,0.0,0.000101,13,370d7d79f35fc4d1a2690b64f78bdf2979002eed6e06468a92df6fda399ad5e9
img_024896.jpg,floating,190.0,187.0,201.0,0.9632,0.7273,0.5075,119453,0.0,0.000179,24,f07512426f389e44055f1e7d68bf29e76579116d9afaa49771e6f29e626e418e
img_024956.jpg,floating,190.0,187.0,201.0,0.9632,0.7273,0.5075,91577,0.0,0.000129,20,8a61cc58a83a63044c339782fae3928501f133bc098455c2a41f929de15453a4
img_025016.jpg,floating,190.0,187.0,201.0,0.9632,0.7273,0.5075,72628,0.0,0.000223,24,6bd039fff08132c1e1b5f6166cfe15c63e291b8dbb5cba2ef1e977df2cc9e4a6
img_025076.jpg,floating,190.0,187.0,201.0,0.9632,0.7273,0.5075,60190,0.0,0.000271,42,8f9d38a5b9e398d76dafdb30cd3be245fcc176b83665d38057bfd8bed935ff3e
img_025136.jpg,floating,189.0,186.0,201.0,0.9683,0.7312,0.5075,45621,0.0,0.000292,41,4a4c7531e2ce5d1d0ad9cf8d13e03b4b5fb0d6f379e81e3400146d936dfcb181
img_025196.jpg,floating,189.0,186.0,201.0,0.9683,0.7312,0.5075,36146,0.0,0.000171,16,7c4d5f17cd24e8092c7127ae93bc5ff14bef019ab9bb73fb280fa789a5692813
img_025256.jpg,floating,114.0,139.0,185.0,1.6053,0.9784,0.5514,1352302,0.042912,0.001369,233,9cfbbe5e4dbdbf63fbc5eb8ddb6b15cb93cb7bc10d1eab3fe5f4204bd1ec7339
img_025316.jpg,floating,111.0,137.0,184.0,1.6486,0.9927,0.5543,1353729,0.043795,0.001102,125,bcfde276437f54079407559b4193ab8eeee4cc49a001bcc39313a88d15fd439c
img_025376.jpg,floating,118.0,143.0,188.0,1.5508,0.951,0.5426,1350612,0.038856,0.000418,77,91e8e8a3fed421d608579c38cdf7f385d81ee3763a655a6368e4806134cd5510
img_025436.jpg,floating,195.0,190.0,207.0,0.9385,0.7158,0.4928,44986,0.0,0.000482,67,79158fdd494fad2599d6e54433e2641a55034b65b0fcdf347a7dc294d05d0f51
img_025496.jpg,floating,194.0,190.0,209.0,0.9433,0.7158,0.488,58723,0.0,0.000448,65,024896b6f4bc0c88e50716504cc704496bcbf7a7df0b3c185d715767c60a5514
img_025556.jpg,floating,190.0,187.0,207.0,0.9632,0.7273,0.4928,84849,0.0,0.000247,78,a47bd0f2e9e9144afaa1a5a5bb819d063ec4a385f4cc641ead556303736fa15b
img_025616.jpg,floating,190.0,186.0,207.0,0.9632,0.7312,0.4928,83024,0.0,0.000428,31,6bb6d44714348f748bbabb23fdcf78f19fde2bd7d66b667e705877f04b9e5409
img_025676.jpg,floating,194.0,190.0,209.0,0.9433,0.7158,0.488,52760,0.0,0.000418,84,818fda8395a1de17678e4e8008b77714052fea346df1495a512e3fc835e65121
img_002742.jpg,launching,109.0,103.0,103.0,1.6789,1.3204,0.9903,921083,0.109028,0.000188,67,199536195b73181c64af8795136b41bcd164b024144ab8a5b0d5c32ab529e2c4
img_002802.jpg,launching,114.0,114.0,114.0,1.6053,1.193,0.8947,564000,0.088543,0.023552,11392,fcc356307b5870d6c05adfd3fb7bb2d4c7047ad0bc9b9e614baeba9b24d41aad
img_002862.jpg,launching,142.0,124.0,121.0,1.2887,1.0968,0.843,812872,0.035749,0.017582,1390,97544ef9db7b5266b65875bfa38130b15ed7d39deb3e786e007b22e909809fd4
img_002922.jpg,launching,144.0,122.0,123.0,1.2708,1.1148,0.8293,1122733,0.019575,0.006141,542,68ee6647a483e9ae879109246acd524aae65b36c6b82e1465910be84ab5be387
img_002982.jpg,launching,136.0,124.0,132.0,1.3456,1.0968,0.7727,1147190,0.016511,0.010742,890,73a716d2b734d90f682f3fa594344a28871f728d061cd60ee5593da348a42171
img_003042.jpg,launching,136.0,121.0,130.0,1.3456,1.124,0.7846,1178990,0.026364,0.016252,3530,d1e25a7354eede40792055e612b20de2570876d97fb1f970e4a297c963325aef
img_003102.jpg,launching,143.0,125.0,137.0,1.2797,1.088,0.7445,1216003,0.01958,0.00027,25,0c4ed3f812f675a51846fd499458162a9bf90e0e15930364d1b0f68d92bbb46d
img_003162.jpg,launching,130.0,117.0,135.0,1.4077,1.1624,0.7556,1162848,0.026895,0.002914,489,d3a92f55587b4b43630967d9572e11fbab032908e62de0b34c483338cbcaf990
img_003222.jpg,launching,132.0,121.0,139.0,1.3864,1.124,0.7338,1106215,0.0175,0.002775,207,56f7f38fa11f753d0b966cddcbf494587111e6cc109f725a5e604bd967fe8ecd
img_003282.jpg,launching,138.0,126.0,141.0,1.3261,1.0794,0.7234,1076963,0.012425,0.004008,319,56f6ac4a8900ecc0b209355acf69677412a458355446512c7cf12cfb623def21
img_003342.jpg,launching,144.0,134.0,152.0,1.2708,1.0149,0.6711,1161276,0.009464,0.000748,103,87a5b73ad7773109e84eb73d1c84993154129963ad066576b640f5893ee7e4f3
img_003402.jpg,launching,142.0,129.0,144.0,1.2887,1.0543,0.7083,1011895,0.006929,0.002271,259,f089fdc8b3553045c9f4a0060759eff82e0a61fbc5f84b28be1615b3a67f0825
img_003462.jpg,launching,143.0,130.0,144.0,1.2797,1.0462,0.7083,952075,0.004688,0.000364,61,ad919b263f4e9fb976d92de077638e43a25251dd80130fae6819306800a376d9
img_003522.jpg,launching,144.0,130.0,147.0,1.2708,1.0462,0.6939,1056195,0.008517,0.000747,110,7db30104c492bb325653e5c3695f7c28afd6acdc785d86b4555a40739a6c5620
img_003582.jpg,launching,134.0,123.0,144.0,1.3657,1.1057,0.7083,1052693,0.012308,0.004052,586,b82ad5b2a676fed4fb67c200997b3c6a5a76bac397bbe178cec545a8eed55fa8
img_003642.jpg,launching,144.0,132.0,148.0,1.2708,1.0303,0.6892,1177885,0.00873,0.000467,114,22e87fef48535b4cb21bf2e3bea288caef14f0c0d59bfa46f776d7114e6de21a
img_003702.jpg,launching,135.0,125.0,145.0,1.3556,1.088,0.7034,1046184,0.012441,0.003164,428,24ed522b3432295e860a5c20093ce39c2af64d0adab3c1f73fc87c84a00ce555
img_003762.jpg,launching,140.0,128.0,150.0,1.3071,1.0625,0.68,1157594,0.010888,0.002144,265,f382570a87baf2e5fb200613bb7bf71f6a76d1b3f4fb270ccd73443ebc69b6a8
img_003822.jpg,launching,154.0,138.0,159.0,1.1883,0.9855,0.6415,1124394,0.004556,0.001102,200,1a0c5af886bf24296875302d00f3c6572ab7cbe7b5fb9176a35dbdd019d11111
img_003882.jpg,launching,141.0,127.0,145.0,1.2979,1.0709,0.7034,1007306,0.013261,0.00165,574,a4bfcc74e1f1c3cbcc88e565ca7024e4321de48ea6408883012faf238070d89a
img_003942.jpg,launching,141.0,127.0,147.0,1.2979,1.0709,0.6939,933998,0.017304,0.001557,150,beae00566a41474d352922e324339036b4fc78fb611f84c7a535a81298f28fd3
img_004002.jpg,launching,155.0,141.0,166.0,1.1806,0.9645,0.6145,1027761,0.010589,0.001102,44,d6649996c6777fcdd191e2a27ad785fea2f276eba38acd478f80adbb67eda456
img_004062.jpg,launching,159.0,146.0,175.0,1.1509,0.9315,0.5829,996820,0.012013,0.001265,37,54f8dcac31672212a7629427715164770bba1ec5ef305c4eed4a377d80717b37
img_004122.jpg,launching,144.0,130.0,153.0,1.2708,1.0462,0.6667,1128305,0.011467,0.001286,125,192d1166e6fa0e39d8fa3723a62bbe2439808e1e3277bb3ad23fa380835045e9
img_004182.jpg,launching,146.0,133.0,159.0,1.2534,1.0226,0.6415,1079731,0.006218,0.000754,33,4e81831ab69b7d51a6799548c74fb0b8bb13a3438ae0c0a5f6fe9a4108770b61
img_004242.jpg,launching,146.0,129.0,156.0,1.2534,1.0543,0.6538,817771,0.011996,0.003673,116,33b72c2321d5ccb6a0098cff27cf51f5a1ed32fa8446000acda82193ffc485d8
img_004302.jpg,launching,141.0,127.0,152.0,1.2979,1.0709,0.6711,1045615,0.020537,0.001437,220,6bc9fff5eca3a7c244a43e11b9b3129e516dbe4aa14f9fb18a5ab252b257e4a9
img_004362.jpg,launching,139.0,122.0,144.0,1.3165,1.1148,0.7083,1045836,0.019134,0.002702,192,9a7c897b5f438746e8c959908a556a779d59b49d594b8296d66f710434f5d6dc
img_004422.jpg,launching,141.0,124.0,148.0,1.2979,1.0968,0.6892,1073730,0.014777,0.002482,70,59eafeb3f6797705539a73c607d7b85d17d6680960e5dd9ec03cc48da3789095
img_004482.jpg,launching,142.0,125.0,151.0,1.2887,1.088,0.6755,956391,0.015995,0.003714,240,283a544eb9d1e8f68cc7e6ef04c429d03434bd374405046ec554140752f90881
img_004542.jpg,launching,148.0,129.0,151.0,1.2365,1.0543,0.6755,675189,0.013672,0.003021,82,13a3f76f0918c89edab65851090487b064ca5eed0b61f4c7fcdbb3b1ebe5008d
img_004602.jpg,launching,144.0,130.0,157.0,1.2708,1.0462,0.6497,545826,0.015755,0.003579,138,24fda800e8245971c76f09c2ac0ae7551da1838774e4d6f379d62706950ae029
img_004662.jpg,launching,136.0,123.0,158.0,1.3456,1.1057,0.6456,507331,0.023069,0.012532,1225,519214b413512e5a14ae44ea95a12a35f5b52356627e161c7096b346cfa66923
img_004722.jpg,launching,143.0,130.0,168.0,1.2797,1.0462,0.6071,762834,0.026978,0.004346,86,8c1350954b9470d8e0f84c4e9a9311423b35efb21cd45803061ef949ec19e6e3
img_004782.jpg,launching,148.0,135.0,174.0,1.2365,1.0074,0.5862,803024,0.02343,0.003944,67,053f0f4b9e26b24b996dd12f751e19168c9508dab91189c266339c9cc6c758c4
img_004842.jpg,launching,153.0,141.0,181.0,1.1961,0.9645,0.5635,738708,0.015776,0.003809,559,5f648f5c6193f1384d150b72a0e98ccfecc4418db68f845642532d749074e1e1
img_004902.jpg,launching,154.0,141.0,182.0,1.1883,0.9645,0.5604,691259,0.015662,0.00473,560,8a39d2e6f12aae341e2955377af11598f784f97d9ce1d1d23094d53d3a695bb7
img_004962.jpg,launching,156.0,143.0,185.0,1.1731,0.951,0.5514,682674,0.015621,0.004655,208,10a6cc880c925822303471d6275ca0aaa2c5a8cb0bad80988c77b0c9abb16a4e
img_005022.jpg,launching,153.0,141.0,184.0,1.1961,0.9645,0.5543,689181,0.019214,0.004285,182,4f80944e251c908f586cf898f0db94b588b4ef13b23c410b945fa7852847b298
img_005084.jpg,launching,124.0,113.0,157.0,1.4758,1.2035,0.6497,542426,0.029777,0.010788,807,38c8d958f7e60944b6e985c503d2ab305624575b9a6e602631a547939eaa332e
img_005144.jpg,launching,151.0,135.0,179.0,1.2119,1.0074,0.5698,819076,0.026107,0.011317,1858,55baf4f9a18fcab72089b56f84a1b0d58f2b38e52b418aec4f6b602b768dbe75
img_005204.jpg,launching,135.0,127.0,167.0,1.3556,1.0709,0.6108,595442,0.030029,0.005916,201,db9a386217963e4d955797df2c0e4260b74a3455ca80ebb223795577140372ef
img_005264.jpg,launching,134.0,124.0,160.0,1.3657,1.0968,0.6375,742563,0.009033,0.005239,707,de457260ee0a4539ade9f1654e0d0dcaaaa26bb37ece9e46b7b89a81a3bdd2f2
img_005324.jpg,launching,122.0,113.0,145.0,1.5,1.2035,0.7034,767710,0.003619,0.001058,56,4ac52a7d727445db4f0cd6ae8e3c62ce79d2186444fd85294291b4916d7c8abd
img_005384.jpg,launching,136.0,125.0,161.0,1.3456,1.088,0.6335,991856,0.027282,0.000897,31,672231e72dba0f30504994e55810f5a5000575ce284898f6b5c85f73b75c541d
img_005444.jpg,launching,134.0,123.0,154.0,1.3657,1.1057,0.6623,724398,0.004553,0.005365,250,1028d3bf93ebc3df7cc03061f4b4b441b06b4b07de0ac167eb6dd935c71b47f2
img_005504.jpg,launching,128.0,117.0,152.0,1.4297,1.1624,0.6711,709740,0.001988,0.00076,72,38ff2a25ea08f68dfc0ff7fb055bc5d7198be3077dd19ee0ce09232658e0d685
img_005564.jpg,launching,130.0,119.0,154.0,1.4077,1.1429,0.6623,829892,0.002867,0.000915,44,b99adfd42e280af8a38dc27969304688a3106ac23b153a399fb401ede640df55
img_005624.jpg,launching,130.0,119.0,154.0,1.4077,1.1429,0.6623,681852,0.002051,0.000961,56,968004d3dacf442b4e5680b0c6b4f8ea4390f14a04a175f07d4645c6325a8492
img_005684.jpg,launching,145.0,133.0,171.0,1.2621,1.0226,0.5965,910404,0.014962,0.002449,160,a57a9d95375cc88b8a3ac471ad8faade4e355291d837f35bf2a6a931cabbe4fe
img_005744.jpg,launching,143.0,132.0,168.0,1.2797,1.0303,0.6071,995767,0.017221,0.00062,70,714996d019a098f485b4b80fbb854b70f62fa5a3c17a4d16f8c9c43ca96baabb
img_005804.jpg,launching,143.0,131.0,164.0,1.2797,1.0382,0.622,751314,0.005589,0.005686,453,f069379eb26207bd2342a1209ef340bc537c1c5ebbc5666752e71bc21ed375ac
img_005864.jpg,launching,138.0,126.0,159.0,1.3261,1.0794,0.6415,786017,0.00499,0.006762,305,ac08ad72cb3a57acb1c5ea7b9c07bea0ac8b19a99a4de4dd8a582a035767fac6
img_005924.jpg,launching,137.0,126.0,163.0,1.3358,1.0794,0.6258,789558,0.0055,0.001345,90,5295a299b385ccd7fe761e69af5aa6753b89999ea84f7ffe137998ca7da96bef
img_005984.jpg,launching,147.0,136.0,171.0,1.2449,1.0,0.5965,873088,0.010511,0.002813,196,d40e3973b55a8814585436fa251379802f6121fc618b614bb6faed7d8c04782e
img_006044.jpg,launching,134.0,122.0,157.0,1.3657,1.1148,0.6497,828070,0.004509,0.006036,436,763220bb02f1fde617dc8086e6b14dab81be035fee5df8ab78a5a881c23bfb82
img_006104.jpg,launching,138.0,128.0,165.0,1.3261,1.0625,0.6182,787635,0.00674,0.001392,77,7d7d6bdbfc7899f9ebde2455bbe756c7138f3c0017128e04f456cc93d016cd27
img_006164.jpg,launching,138.0,127.0,164.0,1.3261,1.0709,0.622,684253,0.003661,0.00156,73,552f5d43fea9071e201fd51c8bdbe2b3c2634164eca22b86cb06fc939fd6e2c8
img_006224.jpg,launching,134.0,123.0,157.0,1.3657,1.1057,0.6497,811333,0.004497,0.003865,421,800198abc902e22682899d27920a5748850bcb6cc832026330334f30414467d1
img_006284.jpg,launching,152.0,140.0,176.0,1.2039,0.9714,0.5795,862023,0.010884,0.005769,446,fdf3838a30c3733f0ce54aaf57e9d0ab69d4783137c27c99c33f7995fb1e4d51
img_006344.jpg,launching,138.0,127.0,161.0,1.3261,1.0709,0.6335,730042,0.002696,0.000605,42,6866d35f87d4b650f0ed68c2be161df1efc518e32c55563013dfb0a111457a0e
img_006404.jpg,launching,128.0,119.0,154.0,1.4297,1.1429,0.6623,1038073,0.017344,0.000957,72,fcb3091a6ca2b2a365c7092a26886b65f0952362abc7c994ef2e5611dfead281
img_006464.jpg,launching,140.0,128.0,161.0,1.3071,1.0625,0.6335,826960,0.004489,0.006483,334,c3cb5e84655b96096001ddb8765d112a39b18a2e802d3611382f17cb839e5033
img_006524.jpg,launching,139.0,126.0,159.0,1.3165,1.0794,0.6415,1161669,0.02167,0.000859,103,53c7ea003f847faafd0558409c2c2d8aa2d9b5821fc60ee618775f0d7c9932e9
img_006584.jpg,launching,142.0,131.0,165.0,1.2887,1.0382,0.6182,814447,0.007901,0.001453,53,2510b8e67489f532d7e1ade09380544d37178470b1f8da28840bf70499f74464
img_006644.jpg,launching,141.0,130.0,162.0,1.2979,1.0462,0.6296,787345,0.005616,0.001118,97,9c108d7225c495f683cd328782a905aa9da08dc4f12618e5871f2bb7de5470b8
img_006704.jpg,launching,120.0,113.0,142.0,1.525,1.2035,0.7183,862822,0.006195,0.008258,544,013cfc2580b23441f7293755e2514a8d79546fd5313f436ae41c452de00116c0
img_006764.jpg,launching,139.0,126.0,155.0,1.3165,1.0794,0.6581,852296,0.02638,0.007645,1035,14629b52ab22dc6f3a609cf9ca149295f28496d165790327873702d52faed186
