image,image_url,phase,elapsed_s,segment_id,split,registration_status,registrar,checker
img_002742.jpg,https://raw.githubusercontent.com/ZShamsi987/canyonbench-data/main/frames/launching/img_002742.jpg,Launching,2742,seg_0000,train,blocked_pending_reference_license,,
img_002802.jpg,https://raw.githubusercontent.com/ZShamsi987/canyonbench-data/main/frames/launching/img_002802.jpg,Launching,2802,seg_0000,train,blocked_pending_reference_license,,
img_002862.jpg,https://raw.githubusercontent.com/ZShamsi987/canyonbench-data/main/frames/launching/img_002862.jpg,Launching,2862,seg_0000,train,blocked_pending_reference_license,,
img_002922.jpg,https://raw.githubusercontent.com/ZShamsi987/canyonbench-data/main/frames/launching/img_002922.jpg,Launching,2922,seg_0000,train,blocked_pending_reference_license,,
img_002982.jpg,https://raw.githubusercontent.com/ZShamsi987/canyonbench-data/main/frames/launching/img_002982.jpg,Launching,2982,seg_0000,train,blocked_pending_reference_license,,
img_003042.jpg,https://raw.githubusercontent.com/ZShamsi987/canyonbench-data/main/frames/launching/img_003042.jpg,Launching,3042,seg_0000,train,blocked_pending_reference_license,,
img_003102.jpg,https://raw.githubusercontent.com/ZShamsi987/canyonbench-data/main/frames/launching/img_003102.jpg,Launching,3102,seg_0000,train,blocked_pending_reference_license,,
img_003162.jpg,https://raw.githubusercontent.com/ZShamsi987/canyonbench-data/main/frames/launching/img_003162.jpg,Launching,3162,seg_0000,train,blocked_pending_reference_license,,
img_003222.jpg,https://raw.githubusercontent.com/ZShamsi987/canyonbench-data/main/frames/launching/img_003222.jpg,Launching,3222,seg_0000,train,blocked_pending_reference_license,,
img_003282.jpg,https://raw.githubusercontent.com/ZShamsi987/canyonbench-data/main/frames/launching/img_003282.jpg,Launching,3282,seg_0000,train,blocked_pending_reference_license,,
img_003342.jpg,https://raw.githubusercontent.com/ZShamsi987/canyonbench-data/main/frames/launching/img_003342.jpg,Launching,3342,seg_0001,train,blocked_pending_reference_license,,
img_003402.jpg,https://raw.githubusercontent.com/ZShamsi987/canyonbench-data/main/frames/launching/img_003402.jpg,Launching,3402,seg_0001,train,blocked_pending_reference_license,,
img_003462.jpg,https://raw.githubusercontent.com/ZShamsi987/canyonbench-data/main/frames/launching/img_003462.jpg,Launching,3462,seg_0001,train,blocked_pending_reference_license,,
img_003522.jpg,https://raw.githubusercontent.com/ZShamsi987/canyonbench-data/main/frames/launching/img_003522.jpg,Launching,3522,seg_0001,train,blocked_pending_reference_license,,
img_003582.jpg,https://raw.githubusercontent.com/ZShamsi987/canyonbench-data/main/frames/launching/img_003582.jpg,Launching,3582,seg_0001,train,blocked_pending_reference_license,,
img_003642.jpg,https://raw.githubusercontent.com/ZShamsi987/canyonbench-data/main/frames/launching/img_003642.jpg,Launching,3642,seg_0001,train,blocked_pending_reference_license,,
img_003702.jpg,https://raw.githubusercontent.com/ZShamsi987/canyonbench-data/main/frames/launching/img_003702.jpg,Launching,3702,seg_0001,train,blocked_pending_reference_license,,
img_003762.jpg,https://raw.githubusercontent.com/ZShamsi987/canyonbench-data/main/frames/launching/img_003762.jpg,Launching,3762,seg_0001,train,blocked_pending_reference_license,,
img_003822.jpg,https://raw.githubusercontent.com/ZShamsi987/canyonbench-data/main/frames/launching/img_003822.jpg,Launching,3822,seg_0001,train,blocked_pending_reference_license,,
img_003882.jpg,https://raw.githubusercontent.com/ZShamsi987/canyonbench-data/main/frames/launching/img_003882.jpg,Launching,3882,seg_0001,train,blocked_pending_reference_license,,
img_003942.jpg,https://raw.githubusercontent.com/ZShamsi987/canyonbench-data/main/frames/launching/img_003942.jpg,Launching,3942,seg_0002,train,blocked_pending_reference_license,,
img_004002.jpg,https://raw.githubusercontent.com/ZShamsi987/canyonbench-data/main/frames/launching/img_004002.jpg,Launching,4002,seg_0002,train,blocked_pending_reference_license,,
img_004062.jpg,https://raw.githubusercontent.com/ZShamsi987/canyonbench-data/main/frames/launching/img_004062.jpg,Launching,4062,seg_0002,train,blocked_pending_reference_license,,
img_004122.jpg,https://raw.githubusercontent.com/ZShamsi987/canyonbench-data/main/frames/launching/img_004122.jpg,Launching,4122,seg_0002,train,blocked_pending_reference_license,,
img_004182.jpg,https://raw.githubusercontent.com/ZShamsi987/canyonbench-data/main/frames/launching/img_004182.jpg,Launching,4182,seg_0002,train,blocked_pending_reference_license,,
img_004242.jpg,https://raw.githubusercontent.com/ZShamsi987/canyonbench-data/main/frames/launching/img_004242.jpg,Launching,4242,seg_0002,train,blocked_pending_reference_license,,
img_004302.jpg,https://raw.githubusercontent.com/ZShamsi987/canyonbench-data/main/frames/launching/img_004302.jpg,Launching,4302,seg_0002,train,blocked_pending_reference_license,,
img_004362.jpg,https://raw.githubusercontent.com/ZShamsi987/canyonbench-data/main/frames/launching/img_004362.jpg,Launching,4362,seg_0002,train,blocked_pending_reference_license,,
img_004422.jpg,https://raw.githubusercontent.com/ZShamsi987/canyonbench-data/main/frames/launching/img_004422.jpg,Launching,4422,seg_0003,test,blocked_pending_reference_license,,
img_004482.jpg,https://raw.githubusercontent.com/ZShamsi987/canyonbench-data/main/frames/launching/img_004482.jpg,Launching,4482,seg_0003,test,blocked_pending_reference_license,,
img_004542.jpg,https://raw.githubusercontent.com/ZShamsi987/canyonbench-data/main/frames/launching/img_004542.jpg,Launching,4542,seg_0004,train,blocked_pending_reference_license,,
img_004602.jpg,https://raw.githubusercontent.com/ZShamsi987/canyonbench-data/main/frames/launching/img_004602.jpg,Launching,4602,seg_0004,train,blocked_pending_reference_license,,
img_004662.jpg,https://raw.githubusercontent.com/ZShamsi987/canyonbench-data/main/frames/launching/img_004662.jpg,Launching,4662,seg_0004,train,blocked_pending_reference_license,,
img_004722.jpg,https://raw.githubusercontent.com/ZShamsi987/canyonbench-data/main/frames/launching/img_004722.jpg,Launching,4722,seg_0004,train,blocked_pending_reference_license,,
img_004782.jpg,https://raw.githubusercontent.com/ZShamsi987/canyonbench-data/main/frames/launching/img_004782.jpg,Launching,4782,seg_0004,train,blocked_pending_reference_license,,
img_004842.jpg,https://raw.githubusercontent.com/ZShamsi987/canyonbench-data/main/frames/launching/img_004842.jpg,Launching,4842,seg_0004,train,blocked_pending_reference_license,,
img_004902.jpg,https://raw.githubusercontent.com/ZShamsi987/canyonbench-data/main/frames/launching/img_004902.jpg,Launching,4902,seg_0004,train,blocked_pending_reference_license,,
img_004962.jpg,https://raw.githubusercontent.com/ZShamsi987/canyonbench-data/main/frames/launching/img_004962.jpg,Launching,4962,seg_0004,train,blocked_pending_reference_license,,
img_005022.jpg,https://raw.githubusercontent.com/ZShamsi987/canyonbench-data/main/frames/launching/img_005022.jpg,Launching,5022,seg_0005,validation,blocked_pending_reference_license,,
img_005084.jpg,https://raw.githubusercontent.com/ZShamsi987/canyonbench-data/main/frames/launching/img_005084.jpg,Launching,5084,seg_0005,validation,blocked_pending_reference_license,,
img_005144.jpg,https://raw.githubusercontent.com/ZShamsi987/canyonbench-data/main/frames/launching/img_005144.jpg,Launching,5144,seg_0006,validation,blocked_pending_reference_license,,
img_005204.jpg,https://raw.githubusercontent.com/ZShamsi987/canyonbench-data/main/frames/launching/img_005204.jpg,Launching,5204,seg_0007,train,blocked_pending_reference_license,,
img_005264.jpg,https://raw.githubusercontent.com/ZShamsi987/canyonbench-data/main/frames/launching/img_005264.jpg,Launching,5264,seg_0007,train,blocked_pending_reference_license,,
img_005324.jpg,https://raw.githubusercontent.com/ZShamsi987/canyonbench-data/main/frames/launching/img_005324.jpg,Launching,5324,seg_0008,validation,blocked_pending_reference_license,,
img_005384.jpg,https://raw.githubusercontent.com/ZShamsi987/canyonbench-data/main/frames/launching/img_005384.jpg,Launching,5384,seg_0008,validation,blocked_pending_reference_license,,
img_005444.jpg,https://raw.githubusercontent.com/ZShamsi987/canyonbench-data/main/frames/launching/img_005444.jpg,Launching,5444,seg_0008,validation,blocked_pending_reference_license,,
img_005504.jpg,https://raw.githubusercontent.com/ZShamsi987/canyonbench-data/main/frames/launching/img_005504.jpg,Launching,5504,seg_0009,train,blocked_pending_reference_license,,
img_005564.jpg,https://raw.githubusercontent.com/ZShamsi987/canyonbench-data/main/frames/launching/img_005564.jpg,Launching,5564,seg_0009,train,blocked_pending_reference_license,,
img_005624.jpg,https://raw.githubusercontent.com/ZShamsi987/canyonbench-data/main/frames/launching/img_005624.jpg,Launching,5624,seg_0009,train,blocked_pending_reference_license,,
img_005684.jpg,https://raw.githubusercontent.com/ZShamsi987/canyonbench-data/main/frames/launching/img_005684.jpg,Launching,5684,seg_0009,train,blocked_pending_reference_license,,
img_005744.jpg,https://raw.githubusercontent.com/ZShamsi987/canyonbench-data/main/frames/launching/img_005744.jpg,Launching,5744,seg_0010,train,blocked_pending_reference_license,,
img_005804.jpg,https://raw.githubusercontent.com/ZShamsi987/canyonbench-data/main/frames/launching/img_005804.jpg,Launching,5804,seg_0010,train,blocked_pending_reference_license,,
img_005864.jpg,https://raw.githubusercontent.com/ZShamsi987/canyonbench-data/main/frames/launching/img_005864.jpg,Launching,5864,seg_0010,train,blocked_pending_reference_license,,
img_005924.jpg,https://raw.githubusercontent.com/ZShamsi987/canyonbench-data/main/frames/launching/img_005924.jpg,Launching,5924,seg_0010,train,blocked_pending_reference_license,,
img_005984.jpg,https://raw.githubusercontent.com/ZShamsi987/canyonbench-data/main/frames/launching/img_005984.jpg,Launching,5984,seg_0010,train,blocked_pending_reference_license,,
img_006044.jpg,https://raw.githubusercontent.com/ZShamsi987/canyonbench-data/main/frames/launching/img_006044.jpg,Launching,6044,seg_0010,train,blocked_pending_reference_license,,
img_006104.jpg,https://raw.githubusercontent.com/ZShamsi987/canyonbench-data/main/frames/launching/img_006104.jpg,Launching,6104,seg_0010,train,blocked_pending_reference_license,,
img_006164.jpg,https://raw.githubusercontent.com/ZShamsi987/canyonbench-data/main/frames/launching/img_006164.jpg,Launching,6164,seg_0010,train,blocked_pending_reference_license,,
img_006224.jpg,https://raw.githubusercontent.com/ZShamsi987/canyonbench-data/main/frames/launching/img_006224.jpg,Launching,6224,seg_0010,train,blocked_pending_reference_license,,
img_006284.jpg,https://raw.githubusercontent.com/ZShamsi987/canyonbench-data/main/frames/launching/img_006284.jpg,Launching,6284,seg_0010,train,blocked_pending_reference_license,,
img_006344.jpg,https://raw.githubusercontent.com/ZShamsi987/canyonbench-data/main/frames/launching/img_006344.jpg,Launching,6344,seg_0011,train,blocked_pending_reference_license,,
img_006404.jpg,https://raw.githubusercontent.com/ZShamsi987/canyonbench-data/main/frames/launching/img_006404.jpg,Launching,6404,seg_0012,validation,blocked_pending_reference_license,,
img_006464.jpg,https://raw.githubusercontent.com/ZShamsi987/canyonbench-data/main/frames/launching/img_006464.jpg,Launching,6464,seg_0012,validation,blocked_pending_reference_license,,
img_006524.jpg,https://raw.githubusercontent.com/ZShamsi987/canyonbench-data/main/frames/launching/img_006524.jpg,Launching,6524,seg_0012,validation,blocked_pending_reference_license,,
img_006584.jpg,https://raw.githubusercontent.com/ZShamsi987/canyonbench-data/main/frames/launching/img_006584.jpg,Launching,6584,seg_0012,validation,blocked_pending_reference_license,,
img_006644.jpg,https://raw.githubusercontent.com/ZShamsi987/canyonbench-data/main/frames/launching/img_006644.jpg,Launching,6644,seg_0012,validation,blocked_pending_reference_license,,
img_006704.jpg,https://raw.githubusercontent.com/ZShamsi987/canyonbench-data/main/frames/launching/img_006704.jpg,Launching,6704,seg_0012,validation,blocked_pending_reference_license,,
img_006764.jpg,https://raw.githubusercontent.com/ZShamsi987/canyonbench-data/main/frames/launching/img_006764.jpg,Launching,6764,seg_0012,validation,blocked_pending_reference_license,,
img_006824.jpg,https://raw.githubusercontent.com/ZShamsi987/canyonbench-data/main/frames/floating/img_006824.jpg,Floating,6824,seg_0013,train,blocked_pending_reference_license,,
img_006884.jpg,https://raw.githubusercontent.com/ZShamsi987/canyonbench-data/main/frames/floating/img_006884.jpg,Floating,6884,seg_0013,train,blocked_pending_reference_license,,
img_006944.jpg,https://raw.githubusercontent.com/ZShamsi987/canyonbench-data/main/frames/floating/img_006944.jpg,Floating,6944,seg_0013,train,blocked_pending_reference_license,,
img_007004.jpg,https://raw.githubusercontent.com/ZShamsi987/canyonbench-data/main/frames/floating/img_007004.jpg,Floating,7004,seg_0013,train,blocked_pending_reference_license,,
img_007064.jpg,https://raw.githubusercontent.com/ZShamsi987/canyonbench-data/main/frames/floating/img_007064.jpg,Floating,7064,seg_0013,train,blocked_pending_reference_license,,
img_007124.jpg,https://raw.githubusercontent.com/ZShamsi987/canyonbench-data/main/frames/floating/img_007124.jpg,Floating,7124,seg_0013,train,blocked_pending_reference_license,,
img_007184.jpg,https://raw.githubusercontent.com/ZShamsi987/canyonbench-data/main/frames/floating/img_007184.jpg,Floating,7184,seg_0013,train,blocked_pending_reference_license,,
img_007244.jpg,https://raw.githubusercontent.com/ZShamsi987/canyonbench-data/main/frames/floating/img_007244.jpg,Floating,7244,seg_0013,train,blocked_pending_reference_license,,
img_007304.jpg,https://raw.githubusercontent.com/ZShamsi987/canyonbench-data/main/frames/floating/img_007304.jpg,Floating,7304,seg_0013,train,blocked_pending_reference_license,,
img_007364.jpg,https://raw.githubusercontent.com/ZShamsi987/canyonbench-data/main/frames/floating/img_007364.jpg,Floating,7364,seg_0013,train,blocked_pending_reference_license,,
img_007424.jpg,https://raw.githubusercontent.com/ZShamsi987/canyonbench-data/main/frames/floating/img_007424.jpg,Floating,7424,seg_0014,train,blocked_pending_reference_license,,
img_007484.jpg,https://raw.githubusercontent.com/ZShamsi987/canyonbench-data/main/frames/floating/img_007484.jpg,Floating,7484,seg_0015,test,blocked_pending_reference_license,,
img_007544.jpg,https://raw.githubusercontent.com/ZShamsi987/canyonbench-data/main/frames/floating/img_007544.jpg,Floating,7544,seg_0015,test,blocked_pending_reference_license,,
img_007604.jpg,https://raw.githubusercontent.com/ZShamsi987/canyonbench-data/main/frames/floating/img_007604.jpg,Floating,7604,seg_0015,test,blocked_pending_reference_license,,
img_007664.jpg,https://raw.githubusercontent.com/ZShamsi987/canyonbench-data/main/frames/floating/img_007664.jpg,Floating,7664,seg_0015,test,blocked_pending_reference_license,,
img_007724.jpg,https://raw.githubusercontent.com/ZShamsi987/canyonbench-data/main/frames/floating/img_007724.jpg,Floating,7724,seg_0015,test,blocked_pending_reference_license,,
img_007784.jpg,https://raw.githubusercontent.com/ZShamsi987/canyonbench-data/main/frames/floating/img_007784.jpg,Floating,7784,seg_0015,test,blocked_pending_reference_license,,
img_007844.jpg,https://raw.githubusercontent.com/ZShamsi987/canyonbench-data/main/frames/floating/img_007844.jpg,Floating,7844,seg_0016,train,blocked_pending_reference_license,,
img_007904.jpg,https://raw.githubusercontent.com/ZShamsi987/canyonbench-data/main/frames/floating/img_007904.jpg,Floating,7904,seg_0016,train,blocked_pending_reference_license,,
img_007964.jpg,https://raw.githubusercontent.com/ZShamsi987/canyonbench-data/main/frames/floating/img_007964.jpg,Floating,7964,seg_0016,train,blocked_pending_reference_license,,
img_008024.jpg,https://raw.githubusercontent.com/ZShamsi987/canyonbench-data/main/frames/floating/img_008024.jpg,Floating,8024,seg_0017,train,blocked_pending_reference_license,,
img_008084.jpg,https://raw.githubusercontent.com/ZShamsi987/canyonbench-data/main/frames/floating/img_008084.jpg,Floating,8084,seg_0017,train,blocked_pending_reference_license,,
img_008144.jpg,https://raw.githubusercontent.com/ZShamsi987/canyonbench-data/main/frames/floating/img_008144.jpg,Floating,8144,seg_0017,train,blocked_pending_reference_license,,
img_008204.jpg,https://raw.githubusercontent.com/ZShamsi987/canyonbench-data/main/frames/floating/img_008204.jpg,Floating,8204,seg_0018,validation,blocked_pending_reference_license,,
img_008264.jpg,https://raw.githubusercontent.com/ZShamsi987/canyonbench-data/main/frames/floating/img_008264.jpg,Floating,8264,seg_0018,validation,blocked_pending_reference_license,,
img_008324.jpg,https://raw.githubusercontent.com/ZShamsi987/canyonbench-data/main/frames/floating/img_008324.jpg,Floating,8324,seg_0018,validation,blocked_pending_reference_license,,
img_008384.jpg,https://raw.githubusercontent.com/ZShamsi987/canyonbench-data/main/frames/floating/img_008384.jpg,Floating,8384,seg_0018,validation,blocked_pending_reference_license,,
img_008444.jpg,https://raw.githubusercontent.com/ZShamsi987/canyonbench-data/main/frames/floating/img_008444.jpg,Floating,8444,seg_0018,validation,blocked_pending_reference_license,,
img_008504.jpg,https://raw.githubusercontent.com/ZShamsi987/canyonbench-data/main/frames/floating/img_008504.jpg,Floating,8504,seg_0018,validation,blocked_pending_reference_license,,
img_008564.jpg,https://raw.githubusercontent.com/ZShamsi987/canyonbench-data/main/frames/floating/img_008564.jpg,Floating,8564,seg_0018,validation,blocked_pending_reference_license,,
img_008624.jpg,https://raw.githubusercontent.com/ZShamsi987/canyonbench-data/main/frames/floating/img_008624.jpg,Floating,8624,seg_0019,validation,blocked_pending_reference_license,,
img_008684.jpg,https://raw.githubusercontent.com/ZShamsi987/canyonbench-data/main/frames/floating/img_008684.jpg,Floating,8684,seg_0019,validation,blocked_pending_reference_license,,
img_008744.jpg,https://raw.githubusercontent.com/ZShamsi987/canyonbench-data/main/frames/floating/img_008744.jpg,Floating,8744,seg_0019,validation,blocked_pending_reference_license,,
img_008805.jpg,https://raw.githubusercontent.com/ZShamsi987/canyonbench-data/main/frames/floating/img_008805.jpg,Floating,8805,seg_0019,validation,blocked_pending_reference_license,,
img_008865.jpg,https://raw.githubusercontent.com/ZShamsi987/canyonbench-data/main/frames/floating/img_008865.jpg,Floating,8865,seg_0020,test,blocked_pending_reference_license,,
img_008925.jpg,https://raw.githubusercontent.com/ZShamsi987/canyonbench-data/main/frames/floating/img_008925.jpg,Floating,8925,seg_0020,test,blocked_pending_reference_license,,
img_008986.jpg,https://raw.githubusercontent.com/ZShamsi987/canyonbench-data/main/frames/floating/img_008986.jpg,Floating,8986,seg_0020,test,blocked_pending_reference_license,,
img_009046.jpg,https://raw.githubusercontent.com/ZShamsi987/canyonbench-data/main/frames/floating/img_009046.jpg,Floating,9046,seg_0020,test,blocked_pending_reference_license,,
img_009106.jpg,https://raw.githubusercontent.com/ZShamsi987/canyonbench-data/main/frames/floating/img_009106.jpg,Floating,9106,seg_0020,test,blocked_pending_reference_license,,
img_009166.jpg,https://raw.githubusercontent.com/ZShamsi987/canyonbench-data/main/frames/floating/img_009166.jpg,Floating,9166,seg_0021,train,blocked_pending_reference_license,,
img_009226.jpg,https://raw.githubusercontent.com/ZShamsi987/canyonbench-data/main/frames/floating/img_009226.jpg,Floating,9226,seg_0022,train,blocked_pending_reference_license,,
img_009287.jpg,https://raw.githubusercontent.com/ZShamsi987/canyonbench-data/main/frames/floating/img_009287.jpg,Floating,9287,seg_0022,train,blocked_pending_reference_license,,
img_009347.jpg,https://raw.githubusercontent.com/ZShamsi987/canyonbench-data/main/frames/floating/img_009347.jpg,Floating,9347,seg_0022,train,blocked_pending_reference_license,,
img_009407.jpg,https://raw.githubusercontent.com/ZShamsi987/canyonbench-data/main/frames/floating/img_009407.jpg,Floating,9407,seg_0022,train,blocked_pending_reference_license,,
img_009469.jpg,https://raw.githubusercontent.com/ZShamsi987/canyonbench-data/main/frames/floating/img_009469.jpg,Floating,9469,seg_0022,train,blocked_pending_reference_license,,
img_009529.jpg,https://raw.githubusercontent.com/ZShamsi987/canyonbench-data/main/frames/floating/img_009529.jpg,Floating,9529,seg_0022,train,blocked_pending_reference_license,,
img_009589.jpg,https://raw.githubusercontent.com/ZShamsi987/canyonbench-data/main/frames/floating/img_009589.jpg,Floating,9589,seg_0022,train,blocked_pending_reference_license,,
img_009650.jpg,https://raw.githubusercontent.com/ZShamsi987/canyonbench-data/main/frames/floating/img_009650.jpg,Floating,9650,seg_0022,train,blocked_pending_reference_license,,
img_009710.jpg,https://raw.githubusercontent.com/ZShamsi987/canyonbench-data/main/frames/floating/img_009710.jpg,Floating,9710,seg_0022,train,blocked_pending_reference_license,,
img_009770.jpg,https://raw.githubusercontent.com/ZShamsi987/canyonbench-data/main/frames/floating/img_009770.jpg,Floating,9770,seg_0022,train,blocked_pending_reference_license,,
img_009832.jpg,https://raw.githubusercontent.com/ZShamsi987/canyonbench-data/main/frames/floating/img_009832.jpg,Floating,9832,seg_0023,train,blocked_pending_reference_license,,
img_009892.jpg,https://raw.githubusercontent.com/ZShamsi987/canyonbench-data/main/frames/floating/img_009892.jpg,Floating,9892,seg_0023,train,blocked_pending_reference_license,,
img_009952.jpg,https://raw.githubusercontent.com/ZShamsi987/canyonbench-data/main/frames/floating/img_009952.jpg,Floating,9952,seg_0023,train,blocked_pending_reference_license,,
img_010014.jpg,https://raw.githubusercontent.com/ZShamsi987/canyonbench-data/main/frames/floating/img_010014.jpg,Floating,10014,seg_0023,train,blocked_pending_reference_license,,
img_010074.jpg,https://raw.githubusercontent.com/ZShamsi987/canyonbench-data/main/frames/floating/img_010074.jpg,Floating,10074,seg_0023,train,blocked_pending_reference_license,,
img_010134.jpg,https://raw.githubusercontent.com/ZShamsi987/canyonbench-data/main/frames/floating/img_010134.jpg,Floating,10134,seg_0023,train,blocked_pending_reference_license,,
img_010196.jpg,https://raw.githubusercontent.com/ZShamsi987/canyonbench-data/main/frames/floating/img_010196.jpg,Floating,10196,seg_0024,test,blocked_pending_reference_license,,
img_010256.jpg,https://raw.githubusercontent.com/ZShamsi987/canyonbench-data/main/frames/floating/img_010256.jpg,Floating,10256,seg_0024,test,blocked_pending_reference_license,,
img_010316.jpg,https://raw.githubusercontent.com/ZShamsi987/canyonbench-data/main/frames/floating/img_010316.jpg,Floating,10316,seg_0024,test,blocked_pending_reference_license,,
img_010378.jpg,https://raw.githubusercontent.com/ZShamsi987/canyonbench-data/main/frames/floating/img_010378.jpg,Floating,10378,seg_0024,test,blocked_pending_reference_license,,
img_010438.jpg,https://raw.githubusercontent.com/ZShamsi987/canyonbench-data/main/frames/floating/img_010438.jpg,Floating,10438,seg_0025,train,blocked_pending_reference_license,,
img_010498.jpg,https://raw.githubusercontent.com/ZShamsi987/canyonbench-data/main/frames/floating/img_010498.jpg,Floating,10498,seg_0025,train,blocked_pending_reference_license,,
img_010560.jpg,https://raw.githubusercontent.com/ZShamsi987/canyonbench-data/main/frames/floating/img_010560.jpg,Floating,10560,seg_0025,train,blocked_pending_reference_license,,
img_010620.jpg,https://raw.githubusercontent.com/ZShamsi987/canyonbench-data/main/frames/floating/img_010620.jpg,Floating,10620,seg_0025,train,blocked_pending_reference_license,,
img_010680.jpg,https://raw.githubusercontent.com/ZShamsi987/canyonbench-data/main/frames/floating/img_010680.jpg,Floating,10680,seg_0025,train,blocked_pending_reference_license,,
img_010741.jpg,https://raw.githubusercontent.com/ZShamsi987/canyonbench-data/main/frames/floating/img_010741.jpg,Floating,10741,seg_0026,test,blocked_pending_reference_license,,
img_010801.jpg,https://raw.githubusercontent.com/ZShamsi987/canyonbench-data/main/frames/floating/img_010801.jpg,Floating,10801,seg_0026,test,blocked_pending_reference_license,,
img_010861.jpg,https://raw.githubusercontent.com/ZShamsi987/canyonbench-data/main/frames/floating/img_010861.jpg,Floating,10861,seg_0026,test,blocked_pending_reference_license,,
img_010923.jpg,https://raw.githubusercontent.com/ZShamsi987/canyonbench-data/main/frames/floating/img_010923.jpg,Floating,10923,seg_0026,test,blocked_pending_reference_license,,
img_010983.jpg,https://raw.githubusercontent.com/ZShamsi987/canyonbench-data/main/frames/floating/img_010983.jpg,Floating,10983,seg_0027,validation,blocked_pending_reference_license,,
img_011043.jpg,https://raw.githubusercontent.com/ZShamsi987/canyonbench-data/main/frames/floating/img_011043.jpg,Floating,11043,seg_0028,validation,blocked_pending_reference_license,,
img_011104.jpg,https://raw.githubusercontent.com/ZShamsi987/canyonbench-data/main/frames/floating/img_011104.jpg,Floating,11104,seg_0028,validation,blocked_pending_reference_license,,
img_011164.jpg,https://raw.githubusercontent.com/ZShamsi987/canyonbench-data/main/frames/floating/img_011164.jpg,Floating,11164,seg_0028,validation,blocked_pending_reference_license,,
img_011224.jpg,https://raw.githubusercontent.com/ZShamsi987/canyonbench-data/main/frames/floating/img_011224.jpg,Floating,11224,seg_0029,train,blocked_pending_reference_license,,
img_011284.jpg,https://raw.githubusercontent.com/ZShamsi987/canyonbench-data/main/frames/floating/img_011284.jpg,Floating,11284,seg_0029,train,blocked_pending_reference_license,,
img_011344.jpg,https://raw.githubusercontent.com/ZShamsi987/canyonbench-data/main/frames/floating/img_011344.jpg,Floating,11344,seg_0029,train,blocked_pending_reference_license,,
img_011404.jpg,https://raw.githubusercontent.com/ZShamsi987/canyonbench-data/main/frames/floating/img_011404.jpg,Floating,11404,seg_0029,train,blocked_pending_reference_license,,
img_011464.jpg,https://raw.githubusercontent.com/ZShamsi987/canyonbench-data/main/frames/floating/img_011464.jpg,Floating,11464,seg_0030,validation,blocked_pending_reference_license,,
img_011524.jpg,https://raw.githubusercontent.com/ZShamsi987/canyonbench-data/main/frames/floating/img_011524.jpg,Floating,11524,seg_0030,validation,blocked_pending_reference_license,,
img_011585.jpg,https://raw.githubusercontent.com/ZShamsi987/canyonbench-data/main/frames/floating/img_011585.jpg,Floating,11585,seg_0030,validation,blocked_pending_reference_license,,
img_011645.jpg,https://raw.githubusercontent.com/ZShamsi987/canyonbench-data/main/frames/floating/img_011645.jpg,Floating,11645,seg_0031,validation,blocked_pending_reference_license,,
img_011705.jpg,https://raw.githubusercontent.com/ZShamsi987/canyonbench-data/main/frames/floating/img_011705.jpg,Floating,11705,seg_0032,train,blocked_pending_reference_license,,
img_011765.jpg,https://raw.githubusercontent.com/ZShamsi987/canyonbench-data/main/frames/floating/img_011765.jpg,Floating,11765,seg_0032,train,blocked_pending_reference_license,,
img_011825.jpg,https://raw.githubusercontent.com/ZShamsi987/canyonbench-data/main/frames/floating/img_011825.jpg,Floating,11825,seg_0032,train,blocked_pending_reference_license,,
img_011885.jpg,https://raw.githubusercontent.com/ZShamsi987/canyonbench-data/main/frames/floating/img_011885.jpg,Floating,11885,seg_0032,train,blocked_pending_reference_license,,
img_011945.jpg,https://raw.githubusercontent.com/ZShamsi987/canyonbench-data/main/frames/floating/img_011945.jpg,Floating,11945,seg_0032,train,blocked_pending_reference_license,,
img_012005.jpg,https://raw.githubusercontent.com/ZShamsi987/canyonbench-data/main/frames/floating/img_012005.jpg,Floating,12005,seg_0033,validation,blocked_pending_reference_license,,
img_012065.jpg,https://raw.githubusercontent.com/ZShamsi987/canyonbench-data/main/frames/floating/img_012065.jpg,Floating,12065,seg_0033,validation,blocked_pending_reference_license,,
img_012125.jpg,https://raw.githubusercontent.com/ZShamsi987/canyonbench-data/main/frames/floating/img_012125.jpg,Floating,12125,seg_0033,validation,blocked_pending_reference_license,,
img_012185.jpg,https://raw.githubusercontent.com/ZShamsi987/canyonbench-data/main/frames/floating/img_012185.jpg,Floating,12185,seg_0034,train,blocked_pending_reference_license,,
img_012245.jpg,https://raw.githubusercontent.com/ZShamsi987/canyonbench-data/main/frames/floating/img_012245.jpg,Floating,12245,seg_0035,train,blocked_pending_reference_license,,
img_012305.jpg,https://raw.githubusercontent.com/ZShamsi987/canyonbench-data/main/frames/floating/img_012305.jpg,Floating,12305,seg_0035,train,blocked_pending_reference_license,,
img_012365.jpg,https://raw.githubusercontent.com/ZShamsi987/canyonbench-data/main/frames/floating/img_012365.jpg,Floating,12365,seg_0035,train,blocked_pending_reference_license,,
img_012425.jpg,https://raw.githubusercontent.com/ZShamsi987/canyonbench-data/main/frames/floating/img_012425.jpg,Floating,12425,seg_0035,train,blocked_pending_reference_license,,
img_012485.jpg,https://raw.githubusercontent.com/ZShamsi987/canyonbench-data/main/frames/floating/img_012485.jpg,Floating,12485,seg_0035,train,blocked_pending_reference_license,,
img_012545.jpg,https://raw.githubusercontent.com/ZShamsi987/canyonbench-data/main/frames/floating/img_012545.jpg,Floating,12545,seg_0035,train,blocked_pending_reference_license,,
img_012605.jpg,https://raw.githubusercontent.com/ZShamsi987/canyonbench-data/main/frames/floating/img_012605.jpg,Floating,12605,seg_0035,train,blocked_pending_reference_license,,
img_012665.jpg,https://raw.githubusercontent.com/ZShamsi987/canyonbench-data/main/frames/floating/img_012665.jpg,Floating,12665,seg_0035,train,blocked_pending_reference_license,,
img_012725.jpg,https://raw.githubusercontent.com/ZShamsi987/canyonbench-data/main/frames/floating/img_012725.jpg,Floating,12725,seg_0036,validation,blocked_pending_reference_license,,
img_012785.jpg,https://raw.githubusercontent.com/ZShamsi987/canyonbench-data/main/frames/floating/img_012785.jpg,Floating,12785,seg_0036,validation,blocked_pending_reference_license,,
img_012845.jpg,https://raw.githubusercontent.com/ZShamsi987/canyonbench-data/main/frames/floating/img_012845.jpg,Floating,12845,seg_0037,validation,blocked_pending_reference_license,,
img_012905.jpg,https://raw.githubusercontent.com/ZShamsi987/canyonbench-data/main/frames/floating/img_012905.jpg,Floating,12905,seg_0037,validation,blocked_pending_reference_license,,
img_012965.jpg,https://raw.githubusercontent.com/ZShamsi987/canyonbench-data/main/frames/floating/img_012965.jpg,Floating,12965,seg_0037,validation,blocked_pending_reference_license,,
img_013025.jpg,https://raw.githubusercontent.com/ZShamsi987/canyonbench-data/main/frames/floating/img_013025.jpg,Floating,13025,seg_0037,validation,blocked_pending_reference_license,,
img_013085.jpg,https://raw.githubusercontent.com/ZShamsi987/canyonbench-data/main/frames/floating/img_013085.jpg,Floating,13085,seg_0037,validation,blocked_pending_reference_license,,
img_013145.jpg,https://raw.githubusercontent.com/ZShamsi987/canyonbench-data/main/frames/floating/img_013145.jpg,Floating,13145,seg_0037,validation,blocked_pending_reference_license,,
img_013205.jpg,https://raw.githubusercontent.com/ZShamsi987/canyonbench-data/main/frames/floating/img_013205.jpg,Floating,13205,seg_0037,validation,blocked_pending_reference_license,,
img_013265.jpg,https://raw.githubusercontent.com/ZShamsi987/canyonbench-data/main/frames/floating/img_013265.jpg,Floating,13265,seg_0038,train,blocked_pending_reference_license,,
img_013325.jpg,https://raw.githubusercontent.com/ZShamsi987/canyonbench-data/main/frames/floating/img_013325.jpg,Floating,13325,seg_0038,train,blocked_pending_reference_license,,
img_013385.jpg,https://raw.githubusercontent.com/ZShamsi987/canyonbench-data/main/frames/floating/img_013385.jpg,Floating,13385,seg_0038,train,blocked_pending_reference_license,,
img_013445.jpg,https://raw.githubusercontent.com/ZShamsi987/canyonbench-data/main/frames/floating/img_013445.jpg,Floating,13445,seg_0039,train,blocked_pending_reference_license,,
img_013505.jpg,https://raw.githubusercontent.com/ZShamsi987/canyonbench-data/main/frames/floating/img_013505.jpg,Floating,13505,seg_0039,train,blocked_pending_reference_license,,
img_013565.jpg,https://raw.githubusercontent.com/ZShamsi987/canyonbench-data/main/frames/floating/img_013565.jpg,Floating,13565,seg_0039,train,blocked_pending_reference_license,,
img_013625.jpg,https://raw.githubusercontent.com/ZShamsi987/canyonbench-data/main/frames/floating/img_013625.jpg,Floating,13625,seg_0039,train,blocked_pending_reference_license,,
img_013685.jpg,https://raw.githubusercontent.com/ZShamsi987/canyonbench-data/main/frames/floating/img_013685.jpg,Floating,13685,seg_0039,train,blocked_pending_reference_license,,
img_013745.jpg,https://raw.githubusercontent.com/ZShamsi987/canyonbench-data/main/frames/floating/img_013745.jpg,Floating,13745,seg_0039,train,blocked_pending_reference_license,,
img_013805.jpg,https://raw.githubusercontent.com/ZShamsi987/canyonbench-data/main/frames/floating/img_013805.jpg,Floating,13805,seg_0040,test,blocked_pending_reference_license,,
img_013865.jpg,https://raw.githubusercontent.com/ZShamsi987/canyonbench-data/main/frames/floating/img_013865.jpg,Floating,13865,seg_0040,test,blocked_pending_reference_license,,
img_013925.jpg,https://raw.githubusercontent.com/ZShamsi987/canyonbench-data/main/frames/floating/img_013925.jpg,Floating,13925,seg_0040,test,blocked_pending_reference_license,,
img_013985.jpg,https://raw.githubusercontent.com/ZShamsi987/canyonbench-data/main/frames/floating/img_013985.jpg,Floating,13985,seg_0040,test,blocked_pending_reference_license,,
img_014045.jpg,https://raw.githubusercontent.com/ZShamsi987/canyonbench-data/main/frames/floating/img_014045.jpg,Floating,14045,seg_0041,test,blocked_pending_reference_license,,
img_014105.jpg,https://raw.githubusercontent.com/ZShamsi987/canyonbench-data/main/frames/floating/img_014105.jpg,Floating,14105,seg_0041,test,blocked_pending_reference_license,,
img_014165.jpg,https://raw.githubusercontent.com/ZShamsi987/canyonbench-data/main/frames/floating/img_014165.jpg,Floating,14165,seg_0041,test,blocked_pending_reference_license,,
img_014225.jpg,https://raw.githubusercontent.com/ZShamsi987/canyonbench-data/main/frames/floating/img_014225.jpg,Floating,14225,seg_0041,test,blocked_pending_reference_license,,
img_014285.jpg,https://raw.githubusercontent.com/ZShamsi987/canyonbench-data/main/frames/floating/img_014285.jpg,Floating,14285,seg_0042,train,blocked_pending_reference_license,,
img_014345.jpg,https://raw.githubusercontent.com/ZShamsi987/canyonbench-data/main/frames/floating/img_014345.jpg,Floating,14345,seg_0042,train,blocked_pending_reference_license,,
img_014406.jpg,https://raw.githubusercontent.com/ZShamsi987/canyonbench-data/main/frames/floating/img_014406.jpg,Floating,14406,seg_0042,train,blocked_pending_reference_license,,
img_014466.jpg,https://raw.githubusercontent.com/ZShamsi987/canyonbench-data/main/frames/floating/img_014466.jpg,Floating,14466,seg_0042,train,blocked_pending_reference_license,,
img_014528.jpg,https://raw.githubusercontent.com/ZShamsi987/canyonbench-data/main/frames/floating/img_014528.jpg,Floating,14528,seg_0042,train,blocked_pending_reference_license,,
img_014588.jpg,https://raw.githubusercontent.com/ZShamsi987/canyonbench-data/main/frames/floating/img_014588.jpg,Floating,14588,seg_0042,train,blocked_pending_reference_license,,
img_014648.jpg,https://raw.githubusercontent.com/ZShamsi987/canyonbench-data/main/frames/floating/img_014648.jpg,Floating,14648,seg_0043,train,blocked_pending_reference_license,,
img_014708.jpg,https://raw.githubusercontent.com/ZShamsi987/canyonbench-data/main/frames/floating/img_014708.jpg,Floating,14708,seg_0043,train,blocked_pending_reference_license,,
img_014768.jpg,https://raw.githubusercontent.com/ZShamsi987/canyonbench-data/main/frames/floating/img_014768.jpg,Floating,14768,seg_0043,train,blocked_pending_reference_license,,
img_014829.jpg,https://raw.githubusercontent.com/ZShamsi987/canyonbench-data/main/frames/floating/img_014829.jpg,Floating,14829,seg_0043,train,blocked_pending_reference_license,,
img_014891.jpg,https://raw.githubusercontent.com/ZShamsi987/canyonbench-data/main/frames/floating/img_014891.jpg,Floating,14891,seg_0043,train,blocked_pending_reference_license,,
img_014952.jpg,https://raw.githubusercontent.com/ZShamsi987/canyonbench-data/main/frames/floating/img_014952.jpg,Floating,14952,seg_0043,train,blocked_pending_reference_license,,
img_015013.jpg,https://raw.githubusercontent.com/ZShamsi987/canyonbench-data/main/frames/floating/img_015013.jpg,Floating,15013,seg_0043,train,blocked_pending_reference_license,,
img_015080.jpg,https://raw.githubusercontent.com/ZShamsi987/canyonbench-data/main/frames/floating/img_015080.jpg,Floating,15080,seg_0043,train,blocked_pending_reference_license,,
img_015143.jpg,https://raw.githubusercontent.com/ZShamsi987/canyonbench-data/main/frames/floating/img_015143.jpg,Floating,15143,seg_0043,train,blocked_pending_reference_license,,
img_015203.jpg,https://raw.githubusercontent.com/ZShamsi987/canyonbench-data/main/frames/floating/img_015203.jpg,Floating,15203,seg_0043,train,blocked_pending_reference_license,,
img_015263.jpg,https://raw.githubusercontent.com/ZShamsi987/canyonbench-data/main/frames/floating/img_015263.jpg,Floating,15263,seg_0044,train,blocked_pending_reference_license,,
img_015323.jpg,https://raw.githubusercontent.com/ZShamsi987/canyonbench-data/main/frames/floating/img_015323.jpg,Floating,15323,seg_0044,train,blocked_pending_reference_license,,
img_015383.jpg,https://raw.githubusercontent.com/ZShamsi987/canyonbench-data/main/frames/floating/img_015383.jpg,Floating,15383,seg_0044,train,blocked_pending_reference_license,,
img_015443.jpg,https://raw.githubusercontent.com/ZShamsi987/canyonbench-data/main/frames/floating/img_015443.jpg,Floating,15443,seg_0044,train,blocked_pending_reference_license,,
img_015504.jpg,https://raw.githubusercontent.com/ZShamsi987/canyonbench-data/main/frames/floating/img_015504.jpg,Floating,15504,seg_0044,train,blocked_pending_reference_license,,
img_015564.jpg,https://raw.githubusercontent.com/ZShamsi987/canyonbench-data/main/frames/floating/img_015564.jpg,Floating,15564,seg_0044,train,blocked_pending_reference_license,,
img_015624.jpg,https://raw.githubusercontent.com/ZShamsi987/canyonbench-data/main/frames/floating/img_015624.jpg,Floating,15624,seg_0044,train,blocked_pending_reference_license,,
img_015684.jpg,https://raw.githubusercontent.com/ZShamsi987/canyonbench-data/main/frames/floating/img_015684.jpg,Floating,15684,seg_0044,train,blocked_pending_reference_license,,
img_015744.jpg,https://raw.githubusercontent.com/ZShamsi987/canyonbench-data/main/frames/floating/img_015744.jpg,Floating,15744,seg_0044,train,blocked_pending_reference_license,,
img_015804.jpg,https://raw.githubusercontent.com/ZShamsi987/canyonbench-data/main/frames/floating/img_015804.jpg,Floating,15804,seg_0044,train,blocked_pending_reference_license,,
img_015884.jpg,https://raw.githubusercontent.com/ZShamsi987/canyonbench-data/main/frames/floating/img_015884.jpg,Floating,15884,seg_0045,train,blocked_pending_reference_license,,
img_015955.jpg,https://raw.githubusercontent.com/ZShamsi987/canyonbench-data/main/frames/floating/img_015955.jpg,Floating,15955,seg_0045,train,blocked_pending_reference_license,,
img_016023.jpg,https://raw.githubusercontent.com/ZShamsi987/canyonbench-data/main/frames/floating/img_016023.jpg,Floating,16023,seg_0045,train,blocked_pending_reference_license,,
img_016083.jpg,https://raw.githubusercontent.com/ZShamsi987/canyonbench-data/main/frames/floating/img_016083.jpg,Floating,16083,seg_0045,train,blocked_pending_reference_license,,
img_016143.jpg,https://raw.githubusercontent.com/ZShamsi987/canyonbench-data/main/frames/floating/img_016143.jpg,Floating,16143,seg_0045,train,blocked_pending_reference_license,,
img_016203.jpg,https://raw.githubusercontent.com/ZShamsi987/canyonbench-data/main/frames/floating/img_016203.jpg,Floating,16203,seg_0045,train,blocked_pending_reference_license,,
img_016263.jpg,https://raw.githubusercontent.com/ZShamsi987/canyonbench-data/main/frames/floating/img_016263.jpg,Floating,16263,seg_0045,train,blocked_pending_reference_license,,
img_016343.jpg,https://raw.githubusercontent.com/ZShamsi987/canyonbench-data/main/frames/floating/img_016343.jpg,Floating,16343,seg_0045,train,blocked_pending_reference_license,,
img_016403.jpg,https://raw.githubusercontent.com/ZShamsi987/canyonbench-data/main/frames/floating/img_016403.jpg,Floating,16403,seg_0045,train,blocked_pending_reference_license,,
img_016463.jpg,https://raw.githubusercontent.com/ZShamsi987/canyonbench-data/main/frames/floating/img_016463.jpg,Floating,16463,seg_0045,train,blocked_pending_reference_license,,
img_016523.jpg,https://raw.githubusercontent.com/ZShamsi987/canyonbench-data/main/frames/floating/img_016523.jpg,Floating,16523,seg_0046,train,blocked_pending_reference_license,,
img_016583.jpg,https://raw.githubusercontent.com/ZShamsi987/canyonbench-data/main/frames/floating/img_016583.jpg,Floating,16583,seg_0046,train,blocked_pending_reference_license,,
img_016643.jpg,https://raw.githubusercontent.com/ZShamsi987/canyonbench-data/main/frames/floating/img_016643.jpg,Floating,16643,seg_0046,train,blocked_pending_reference_license,,
img_016704.jpg,https://raw.githubusercontent.com/ZShamsi987/canyonbench-data/main/frames/floating/img_016704.jpg,Floating,16704,seg_0046,train,blocked_pending_reference_license,,
img_016764.jpg,https://raw.githubusercontent.com/ZShamsi987/canyonbench-data/main/frames/floating/img_016764.jpg,Floating,16764,seg_0046,train,blocked_pending_reference_license,,
img_016824.jpg,https://raw.githubusercontent.com/ZShamsi987/canyonbench-data/main/frames/floating/img_016824.jpg,Floating,16824,seg_0046,train,blocked_pending_reference_license,,
img_016884.jpg,https://raw.githubusercontent.com/ZShamsi987/canyonbench-data/main/frames/floating/img_016884.jpg,Floating,16884,seg_0046,train,blocked_pending_reference_license,,
img_016944.jpg,https://raw.githubusercontent.com/ZShamsi987/canyonbench-data/main/frames/floating/img_016944.jpg,Floating,16944,seg_0046,train,blocked_pending_reference_license,,
img_017004.jpg,https://raw.githubusercontent.com/ZShamsi987/canyonbench-data/main/frames/floating/img_017004.jpg,Floating,17004,seg_0046,train,blocked_pending_reference_license,,
img_017064.jpg,https://raw.githubusercontent.com/ZShamsi987/canyonbench-data/main/frames/floating/img_017064.jpg,Floating,17064,seg_0046,train,blocked_pending_reference_license,,
img_017124.jpg,https://raw.githubusercontent.com/ZShamsi987/canyonbench-data/main/frames/floating/img_017124.jpg,Floating,17124,seg_0047,train,blocked_pending_reference_license,,
img_017184.jpg,https://raw.githubusercontent.com/ZShamsi987/canyonbench-data/main/frames/floating/img_017184.jpg,Floating,17184,seg_0047,train,blocked_pending_reference_license,,
img_017244.jpg,https://raw.githubusercontent.com/ZShamsi987/canyonbench-data/main/frames/floating/img_017244.jpg,Floating,17244,seg_0047,train,blocked_pending_reference_license,,
img_017304.jpg,https://raw.githubusercontent.com/ZShamsi987/canyonbench-data/main/frames/floating/img_017304.jpg,Floating,17304,seg_0047,train,blocked_pending_reference_license,,
img_017364.jpg,https://raw.githubusercontent.com/ZShamsi987/canyonbench-data/main/frames/floating/img_017364.jpg,Floating,17364,seg_0047,train,blocked_pending_reference_license,,
img_017424.jpg,https://raw.githubusercontent.com/ZShamsi987/canyonbench-data/main/frames/floating/img_017424.jpg,Floating,17424,seg_0047,train,blocked_pending_reference_license,,
img_017484.jpg,https://raw.githubusercontent.com/ZShamsi987/canyonbench-data/main/frames/floating/img_017484.jpg,Floating,17484,seg_0047,train,blocked_pending_reference_license,,
img_017544.jpg,https://raw.githubusercontent.com/ZShamsi987/canyonbench-data/main/frames/floating/img_017544.jpg,Floating,17544,seg_0047,train,blocked_pending_reference_license,,
img_017604.jpg,https://raw.githubusercontent.com/ZShamsi987/canyonbench-data/main/frames/floating/img_017604.jpg,Floating,17604,seg_0047,train,blocked_pending_reference_license,,
img_017664.jpg,https://raw.githubusercontent.com/ZShamsi987/canyonbench-data/main/frames/floating/img_017664.jpg,Floating,17664,seg_0047,train,blocked_pending_reference_license,,
img_017724.jpg,https://raw.githubusercontent.com/ZShamsi987/canyonbench-data/main/frames/floating/img_017724.jpg,Floating,17724,seg_0048,train,blocked_pending_reference_license,,
img_017784.jpg,https://raw.githubusercontent.com/ZShamsi987/canyonbench-data/main/frames/floating/img_017784.jpg,Floating,17784,seg_0048,train,blocked_pending_reference_license,,
img_017844.jpg,https://raw.githubusercontent.com/ZShamsi987/canyonbench-data/main/frames/floating/img_017844.jpg,Floating,17844,seg_0048,train,blocked_pending_reference_license,,
img_017904.jpg,https://raw.githubusercontent.com/ZShamsi987/canyonbench-data/main/frames/floating/img_017904.jpg,Floating,17904,seg_0048,train,blocked_pending_reference_license,,
img_017965.jpg,https://raw.githubusercontent.com/ZShamsi987/canyonbench-data/main/frames/floating/img_017965.jpg,Floating,17965,seg_0048,train,blocked_pending_reference_license,,
img_018046.jpg,https://raw.githubusercontent.com/ZShamsi987/canyonbench-data/main/frames/floating/img_018046.jpg,Floating,18046,seg_0048,train,blocked_pending_reference_license,,
img_018106.jpg,https://raw.githubusercontent.com/ZShamsi987/canyonbench-data/main/frames/floating/img_018106.jpg,Floating,18106,seg_0048,train,blocked_pending_reference_license,,
img_018166.jpg,https://raw.githubusercontent.com/ZShamsi987/canyonbench-data/main/frames/floating/img_018166.jpg,Floating,18166,seg_0048,train,blocked_pending_reference_license,,
img_018226.jpg,https://raw.githubusercontent.com/ZShamsi987/canyonbench-data/main/frames/floating/img_018226.jpg,Floating,18226,seg_0048,train,blocked_pending_reference_license,,
img_018287.jpg,https://raw.githubusercontent.com/ZShamsi987/canyonbench-data/main/frames/floating/img_018287.jpg,Floating,18287,seg_0048,train,blocked_pending_reference_license,,
img_018347.jpg,https://raw.githubusercontent.com/ZShamsi987/canyonbench-data/main/frames/floating/img_018347.jpg,Floating,18347,seg_0049,train,blocked_pending_reference_license,,
img_018407.jpg,https://raw.githubusercontent.com/ZShamsi987/canyonbench-data/main/frames/floating/img_018407.jpg,Floating,18407,seg_0049,train,blocked_pending_reference_license,,
img_018467.jpg,https://raw.githubusercontent.com/ZShamsi987/canyonbench-data/main/frames/floating/img_018467.jpg,Floating,18467,seg_0049,train,blocked_pending_reference_license,,
img_018528.jpg,https://raw.githubusercontent.com/ZShamsi987/canyonbench-data/main/frames/floating/img_018528.jpg,Floating,18528,seg_0049,train,blocked_pending_reference_license,,
img_018588.jpg,https://raw.githubusercontent.com/ZShamsi987/canyonbench-data/main/frames/floating/img_018588.jpg,Floating,18588,seg_0049,train,blocked_pending_reference_license,,
img_018648.jpg,https://raw.githubusercontent.com/ZShamsi987/canyonbench-data/main/frames/floating/img_018648.jpg,Floating,18648,seg_0049,train,blocked_pending_reference_license,,
img_018708.jpg,https://raw.githubusercontent.com/ZShamsi987/canyonbench-data/main/frames/floating/img_018708.jpg,Floating,18708,seg_0049,train,blocked_pending_reference_license,,
img_018768.jpg,https://raw.githubusercontent.com/ZShamsi987/canyonbench-data/main/frames/floating/img_018768.jpg,Floating,18768,seg_0049,train,blocked_pending_reference_license,,
img_018828.jpg,https://raw.githubusercontent.com/ZShamsi987/canyonbench-data/main/frames/floating/img_018828.jpg,Floating,18828,seg_0049,train,blocked_pending_reference_license,,
img_018888.jpg,https://raw.githubusercontent.com/ZShamsi987/canyonbench-data/main/frames/floating/img_018888.jpg,Floating,18888,seg_0049,train,blocked_pending_reference_license,,
img_018948.jpg,https://raw.githubusercontent.com/ZShamsi987/canyonbench-data/main/frames/floating/img_018948.jpg,Floating,18948,seg_0050,train,blocked_pending_reference_license,,
img_019008.jpg,https://raw.githubusercontent.com/ZShamsi987/canyonbench-data/main/frames/floating/img_019008.jpg,Floating,19008,seg_0050,train,blocked_pending_reference_license,,
img_019068.jpg,https://raw.githubusercontent.com/ZShamsi987/canyonbench-data/main/frames/floating/img_019068.jpg,Floating,19068,seg_0050,train,blocked_pending_reference_license,,
img_019128.jpg,https://raw.githubusercontent.com/ZShamsi987/canyonbench-data/main/frames/floating/img_019128.jpg,Floating,19128,seg_0050,train,blocked_pending_reference_license,,
img_019188.jpg,https://raw.githubusercontent.com/ZShamsi987/canyonbench-data/main/frames/floating/img_019188.jpg,Floating,19188,seg_0050,train,blocked_pending_reference_license,,
img_019249.jpg,https://raw.githubusercontent.com/ZShamsi987/canyonbench-data/main/frames/floating/img_019249.jpg,Floating,19249,seg_0050,train,blocked_pending_reference_license,,
img_019313.jpg,https://raw.githubusercontent.com/ZShamsi987/canyonbench-data/main/frames/floating/img_019313.jpg,Floating,19313,seg_0050,train,blocked_pending_reference_license,,
img_019373.jpg,https://raw.githubusercontent.com/ZShamsi987/canyonbench-data/main/frames/floating/img_019373.jpg,Floating,19373,seg_0050,train,blocked_pending_reference_license,,
img_019433.jpg,https://raw.githubusercontent.com/ZShamsi987/canyonbench-data/main/frames/floating/img_019433.jpg,Floating,19433,seg_0050,train,blocked_pending_reference_license,,
img_019493.jpg,https://raw.githubusercontent.com/ZShamsi987/canyonbench-data/main/frames/floating/img_019493.jpg,Floating,19493,seg_0050,train,blocked_pending_reference_license,,
img_019553.jpg,https://raw.githubusercontent.com/ZShamsi987/canyonbench-data/main/frames/floating/img_019553.jpg,Floating,19553,seg_0051,train,blocked_pending_reference_license,,
img_019613.jpg,https://raw.githubusercontent.com/ZShamsi987/canyonbench-data/main/frames/floating/img_019613.jpg,Floating,19613,seg_0051,train,blocked_pending_reference_license,,
img_019693.jpg,https://raw.githubusercontent.com/ZShamsi987/canyonbench-data/main/frames/floating/img_019693.jpg,Floating,19693,seg_0051,train,blocked_pending_reference_license,,
img_019753.jpg,https://raw.githubusercontent.com/ZShamsi987/canyonbench-data/main/frames/floating/img_019753.jpg,Floating,19753,seg_0051,train,blocked_pending_reference_license,,
img_019813.jpg,https://raw.githubusercontent.com/ZShamsi987/canyonbench-data/main/frames/floating/img_019813.jpg,Floating,19813,seg_0051,train,blocked_pending_reference_license,,
img_019939.jpg,https://raw.githubusercontent.com/ZShamsi987/canyonbench-data/main/frames/floating/img_019939.jpg,Floating,19939,seg_0051,train,blocked_pending_reference_license,,
img_020000.jpg,https://raw.githubusercontent.com/ZShamsi987/canyonbench-data/main/frames/floating/img_020000.jpg,Floating,20000,seg_0051,train,blocked_pending_reference_license,,
img_020060.jpg,https://raw.githubusercontent.com/ZShamsi987/canyonbench-data/main/frames/floating/img_020060.jpg,Floating,20060,seg_0051,train,blocked_pending_reference_license,,
img_020121.jpg,https://raw.githubusercontent.com/ZShamsi987/canyonbench-data/main/frames/floating/img_020121.jpg,Floating,20121,seg_0051,train,blocked_pending_reference_license,,
img_020192.jpg,https://raw.githubusercontent.com/ZShamsi987/canyonbench-data/main/frames/floating/img_020192.jpg,Floating,20192,seg_0052,train,blocked_pending_reference_license,,
img_020252.jpg,https://raw.githubusercontent.com/ZShamsi987/canyonbench-data/main/frames/floating/img_020252.jpg,Floating,20252,seg_0052,train,blocked_pending_reference_license,,
img_020312.jpg,https://raw.githubusercontent.com/ZShamsi987/canyonbench-data/main/frames/floating/img_020312.jpg,Floating,20312,seg_0052,train,blocked_pending_reference_license,,
img_020372.jpg,https://raw.githubusercontent.com/ZShamsi987/canyonbench-data/main/frames/floating/img_020372.jpg,Floating,20372,seg_0052,train,blocked_pending_reference_license,,
img_020432.jpg,https://raw.githubusercontent.com/ZShamsi987/canyonbench-data/main/frames/floating/img_020432.jpg,Floating,20432,seg_0052,train,blocked_pending_reference_license,,
img_020492.jpg,https://raw.githubusercontent.com/ZShamsi987/canyonbench-data/main/frames/floating/img_020492.jpg,Floating,20492,seg_0052,train,blocked_pending_reference_license,,
img_020552.jpg,https://raw.githubusercontent.com/ZShamsi987/canyonbench-data/main/frames/floating/img_020552.jpg,Floating,20552,seg_0052,train,blocked_pending_reference_license,,
img_020612.jpg,https://raw.githubusercontent.com/ZShamsi987/canyonbench-data/main/frames/floating/img_020612.jpg,Floating,20612,seg_0052,train,blocked_pending_reference_license,,
img_020672.jpg,https://raw.githubusercontent.com/ZShamsi987/canyonbench-data/main/frames/floating/img_020672.jpg,Floating,20672,seg_0052,train,blocked_pending_reference_license,,
img_020732.jpg,https://raw.githubusercontent.com/ZShamsi987/canyonbench-data/main/frames/floating/img_020732.jpg,Floating,20732,seg_0052,train,blocked_pending_reference_license,,
img_020792.jpg,https://raw.githubusercontent.com/ZShamsi987/canyonbench-data/main/frames/floating/img_020792.jpg,Floating,20792,seg_0053,test,blocked_pending_reference_license,,
img_020852.jpg,https://raw.githubusercontent.com/ZShamsi987/canyonbench-data/main/frames/floating/img_020852.jpg,Floating,20852,seg_0053,test,blocked_pending_reference_license,,
img_020912.jpg,https://raw.githubusercontent.com/ZShamsi987/canyonbench-data/main/frames/floating/img_020912.jpg,Floating,20912,seg_0053,test,blocked_pending_reference_license,,
img_020972.jpg,https://raw.githubusercontent.com/ZShamsi987/canyonbench-data/main/frames/floating/img_020972.jpg,Floating,20972,seg_0053,test,blocked_pending_reference_license,,
img_021032.jpg,https://raw.githubusercontent.com/ZShamsi987/canyonbench-data/main/frames/floating/img_021032.jpg,Floating,21032,seg_0053,test,blocked_pending_reference_license,,
img_021092.jpg,https://raw.githubusercontent.com/ZShamsi987/canyonbench-data/main/frames/floating/img_021092.jpg,Floating,21092,seg_0053,test,blocked_pending_reference_license,,
img_021152.jpg,https://raw.githubusercontent.com/ZShamsi987/canyonbench-data/main/frames/floating/img_021152.jpg,Floating,21152,seg_0053,test,blocked_pending_reference_license,,
img_021228.jpg,https://raw.githubusercontent.com/ZShamsi987/canyonbench-data/main/frames/floating/img_021228.jpg,Floating,21228,seg_0053,test,blocked_pending_reference_license,,
img_021288.jpg,https://raw.githubusercontent.com/ZShamsi987/canyonbench-data/main/frames/floating/img_021288.jpg,Floating,21288,seg_0053,test,blocked_pending_reference_license,,
img_021348.jpg,https://raw.githubusercontent.com/ZShamsi987/canyonbench-data/main/frames/floating/img_021348.jpg,Floating,21348,seg_0053,test,blocked_pending_reference_license,,
img_021408.jpg,https://raw.githubusercontent.com/ZShamsi987/canyonbench-data/main/frames/floating/img_021408.jpg,Floating,21408,seg_0054,test,blocked_pending_reference_license,,
img_021501.jpg,https://raw.githubusercontent.com/ZShamsi987/canyonbench-data/main/frames/floating/img_021501.jpg,Floating,21501,seg_0055,train,blocked_pending_reference_license,,
img_021561.jpg,https://raw.githubusercontent.com/ZShamsi987/canyonbench-data/main/frames/floating/img_021561.jpg,Floating,21561,seg_0055,train,blocked_pending_reference_license,,
img_021622.jpg,https://raw.githubusercontent.com/ZShamsi987/canyonbench-data/main/frames/floating/img_021622.jpg,Floating,21622,seg_0055,train,blocked_pending_reference_license,,
img_021682.jpg,https://raw.githubusercontent.com/ZShamsi987/canyonbench-data/main/frames/floating/img_021682.jpg,Floating,21682,seg_0055,train,blocked_pending_reference_license,,
img_021742.jpg,https://raw.githubusercontent.com/ZShamsi987/canyonbench-data/main/frames/floating/img_021742.jpg,Floating,21742,seg_0055,train,blocked_pending_reference_license,,
img_021812.jpg,https://raw.githubusercontent.com/ZShamsi987/canyonbench-data/main/frames/floating/img_021812.jpg,Floating,21812,seg_0055,train,blocked_pending_reference_license,,
img_021872.jpg,https://raw.githubusercontent.com/ZShamsi987/canyonbench-data/main/frames/floating/img_021872.jpg,Floating,21872,seg_0055,train,blocked_pending_reference_license,,
img_021938.jpg,https://raw.githubusercontent.com/ZShamsi987/canyonbench-data/main/frames/floating/img_021938.jpg,Floating,21938,seg_0055,train,blocked_pending_reference_license,,
img_021998.jpg,https://raw.githubusercontent.com/ZShamsi987/canyonbench-data/main/frames/floating/img_021998.jpg,Floating,21998,seg_0055,train,blocked_pending_reference_license,,
img_022058.jpg,https://raw.githubusercontent.com/ZShamsi987/canyonbench-data/main/frames/floating/img_022058.jpg,Floating,22058,seg_0056,train,blocked_pending_reference_license,,
img_022125.jpg,https://raw.githubusercontent.com/ZShamsi987/canyonbench-data/main/frames/floating/img_022125.jpg,Floating,22125,seg_0056,train,blocked_pending_reference_license,,
img_022192.jpg,https://raw.githubusercontent.com/ZShamsi987/canyonbench-data/main/frames/floating/img_022192.jpg,Floating,22192,seg_0056,train,blocked_pending_reference_license,,
img_022256.jpg,https://raw.githubusercontent.com/ZShamsi987/canyonbench-data/main/frames/floating/img_022256.jpg,Floating,22256,seg_0056,train,blocked_pending_reference_license,,
img_022319.jpg,https://raw.githubusercontent.com/ZShamsi987/canyonbench-data/main/frames/floating/img_022319.jpg,Floating,22319,seg_0056,train,blocked_pending_reference_license,,
img_022379.jpg,https://raw.githubusercontent.com/ZShamsi987/canyonbench-data/main/frames/floating/img_022379.jpg,Floating,22379,seg_0056,train,blocked_pending_reference_license,,
img_022439.jpg,https://raw.githubusercontent.com/ZShamsi987/canyonbench-data/main/frames/floating/img_022439.jpg,Floating,22439,seg_0056,train,blocked_pending_reference_license,,
img_022501.jpg,https://raw.githubusercontent.com/ZShamsi987/canyonbench-data/main/frames/floating/img_022501.jpg,Floating,22501,seg_0056,train,blocked_pending_reference_license,,
img_022562.jpg,https://raw.githubusercontent.com/ZShamsi987/canyonbench-data/main/frames/floating/img_022562.jpg,Floating,22562,seg_0056,train,blocked_pending_reference_license,,
img_022622.jpg,https://raw.githubusercontent.com/ZShamsi987/canyonbench-data/main/frames/floating/img_022622.jpg,Floating,22622,seg_0056,train,blocked_pending_reference_license,,
img_022682.jpg,https://raw.githubusercontent.com/ZShamsi987/canyonbench-data/main/frames/floating/img_022682.jpg,Floating,22682,seg_0057,validation,blocked_pending_reference_license,,
img_022742.jpg,https://raw.githubusercontent.com/ZShamsi987/canyonbench-data/main/frames/floating/img_022742.jpg,Floating,22742,seg_0057,validation,blocked_pending_reference_license,,
img_022806.jpg,https://raw.githubusercontent.com/ZShamsi987/canyonbench-data/main/frames/floating/img_022806.jpg,Floating,22806,seg_0057,validation,blocked_pending_reference_license,,
img_022872.jpg,https://raw.githubusercontent.com/ZShamsi987/canyonbench-data/main/frames/floating/img_022872.jpg,Floating,22872,seg_0057,validation,blocked_pending_reference_license,,
img_022933.jpg,https://raw.githubusercontent.com/ZShamsi987/canyonbench-data/main/frames/floating/img_022933.jpg,Floating,22933,seg_0057,validation,blocked_pending_reference_license,,
img_022993.jpg,https://raw.githubusercontent.com/ZShamsi987/canyonbench-data/main/frames/floating/img_022993.jpg,Floating,22993,seg_0057,validation,blocked_pending_reference_license,,
img_023053.jpg,https://raw.githubusercontent.com/ZShamsi987/canyonbench-data/main/frames/floating/img_023053.jpg,Floating,23053,seg_0057,validation,blocked_pending_reference_license,,
img_023119.jpg,https://raw.githubusercontent.com/ZShamsi987/canyonbench-data/main/frames/floating/img_023119.jpg,Floating,23119,seg_0057,validation,blocked_pending_reference_license,,
img_023190.jpg,https://raw.githubusercontent.com/ZShamsi987/canyonbench-data/main/frames/floating/img_023190.jpg,Floating,23190,seg_0057,validation,blocked_pending_reference_license,,
img_023254.jpg,https://raw.githubusercontent.com/ZShamsi987/canyonbench-data/main/frames/floating/img_023254.jpg,Floating,23254,seg_0057,validation,blocked_pending_reference_license,,
img_023314.jpg,https://raw.githubusercontent.com/ZShamsi987/canyonbench-data/main/frames/floating/img_023314.jpg,Floating,23314,seg_0058,validation,blocked_pending_reference_license,,
img_023379.jpg,https://raw.githubusercontent.com/ZShamsi987/canyonbench-data/main/frames/floating/img_023379.jpg,Floating,23379,seg_0058,validation,blocked_pending_reference_license,,
img_023439.jpg,https://raw.githubusercontent.com/ZShamsi987/canyonbench-data/main/frames/floating/img_023439.jpg,Floating,23439,seg_0058,validation,blocked_pending_reference_license,,
img_023500.jpg,https://raw.githubusercontent.com/ZShamsi987/canyonbench-data/main/frames/floating/img_023500.jpg,Floating,23500,seg_0058,validation,blocked_pending_reference_license,,
img_023566.jpg,https://raw.githubusercontent.com/ZShamsi987/canyonbench-data/main/frames/floating/img_023566.jpg,Floating,23566,seg_0059,train,blocked_pending_reference_license,,
img_023626.jpg,https://raw.githubusercontent.com/ZShamsi987/canyonbench-data/main/frames/floating/img_023626.jpg,Floating,23626,seg_0059,train,blocked_pending_reference_license,,
img_023686.jpg,https://raw.githubusercontent.com/ZShamsi987/canyonbench-data/main/frames/floating/img_023686.jpg,Floating,23686,seg_0059,train,blocked_pending_reference_license,,
img_023746.jpg,https://raw.githubusercontent.com/ZShamsi987/canyonbench-data/main/frames/floating/img_023746.jpg,Floating,23746,seg_0059,train,blocked_pending_reference_license,,
img_023809.jpg,https://raw.githubusercontent.com/ZShamsi987/canyonbench-data/main/frames/floating/img_023809.jpg,Floating,23809,seg_0059,train,blocked_pending_reference_license,,
img_023869.jpg,https://raw.githubusercontent.com/ZShamsi987/canyonbench-data/main/frames/floating/img_023869.jpg,Floating,23869,seg_0059,train,blocked_pending_reference_license,,
img_023929.jpg,https://raw.githubusercontent.com/ZShamsi987/canyonbench-data/main/frames/floating/img_023929.jpg,Floating,23929,seg_0060,test,blocked_pending_reference_license,,
img_023991.jpg,https://raw.githubusercontent.com/ZShamsi987/canyonbench-data/main/frames/floating/img_023991.jpg,Floating,23991,seg_0060,test,blocked_pending_reference_license,,
img_024054.jpg,https://raw.githubusercontent.com/ZShamsi987/canyonbench-data/main/frames/floating/img_024054.jpg,Floating,24054,seg_0060,test,blocked_pending_reference_license,,
img_024114.jpg,https://raw.githubusercontent.com/ZShamsi987/canyonbench-data/main/frames/floating/img_024114.jpg,Floating,24114,seg_0060,test,blocked_pending_reference_license,,
img_024174.jpg,https://raw.githubusercontent.com/ZShamsi987/canyonbench-data/main/frames/floating/img_024174.jpg,Floating,24174,seg_0060,test,blocked_pending_reference_license,,
img_024235.jpg,https://raw.githubusercontent.com/ZShamsi987/canyonbench-data/main/frames/floating/img_024235.jpg,Floating,24235,seg_0060,test,blocked_pending_reference_license,,
img_024295.jpg,https://raw.githubusercontent.com/ZShamsi987/canyonbench-data/main/frames/floating/img_024295.jpg,Floating,24295,seg_0061,train,blocked_pending_reference_license,,
img_024355.jpg,https://raw.githubusercontent.com/ZShamsi987/canyonbench-data/main/frames/floating/img_024355.jpg,Floating,24355,seg_0061,train,blocked_pending_reference_license,,
img_024415.jpg,https://raw.githubusercontent.com/ZShamsi987/canyonbench-data/main/frames/floating/img_024415.jpg,Floating,24415,seg_0061,train,blocked_pending_reference_license,,
img_024475.jpg,https://raw.githubusercontent.com/ZShamsi987/canyonbench-data/main/frames/floating/img_024475.jpg,Floating,24475,seg_0061,train,blocked_pending_reference_license,,
img_024535.jpg,https://raw.githubusercontent.com/ZShamsi987/canyonbench-data/main/frames/floating/img_024535.jpg,Floating,24535,seg_0062,validation,blocked_pending_reference_license,,
img_024595.jpg,https://raw.githubusercontent.com/ZShamsi987/canyonbench-data/main/frames/floating/img_024595.jpg,Floating,24595,seg_0062,validation,blocked_pending_reference_license,,
img_024656.jpg,https://raw.githubusercontent.com/ZShamsi987/canyonbench-data/main/frames/floating/img_024656.jpg,Floating,24656,seg_0063,train,blocked_pending_reference_license,,
img_024716.jpg,https://raw.githubusercontent.com/ZShamsi987/canyonbench-data/main/frames/floating/img_024716.jpg,Floating,24716,seg_0063,train,blocked_pending_reference_license,,
img_024776.jpg,https://raw.githubusercontent.com/ZShamsi987/canyonbench-data/main/frames/floating/img_024776.jpg,Floating,24776,seg_0063,train,blocked_pending_reference_license,,
img_024836.jpg,https://raw.githubusercontent.com/ZShamsi987/canyonbench-data/main/frames/floating/img_024836.jpg,Floating,24836,seg_0063,train,blocked_pending_reference_license,,
img_024896.jpg,https://raw.githubusercontent.com/ZShamsi987/canyonbench-data/main/frames/floating/img_024896.jpg,Floating,24896,seg_0063,train,blocked_pending_reference_license,,
img_024956.jpg,https://raw.githubusercontent.com/ZShamsi987/canyonbench-data/main/frames/floating/img_024956.jpg,Floating,24956,seg_0064,validation,blocked_pending_reference_license,,
img_025016.jpg,https://raw.githubusercontent.com/ZShamsi987/canyonbench-data/main/frames/floating/img_025016.jpg,Floating,25016,seg_0064,validation,blocked_pending_reference_license,,
img_025076.jpg,https://raw.githubusercontent.com/ZShamsi987/canyonbench-data/main/frames/floating/img_025076.jpg,Floating,25076,seg_0064,validation,blocked_pending_reference_license,,
img_025136.jpg,https://raw.githubusercontent.com/ZShamsi987/canyonbench-data/main/frames/floating/img_025136.jpg,Floating,25136,seg_0065,validation,blocked_pending_reference_license,,
img_025196.jpg,https://raw.githubusercontent.com/ZShamsi987/canyonbench-data/main/frames/floating/img_025196.jpg,Floating,25196,seg_0065,validation,blocked_pending_reference_license,,
img_025256.jpg,https://raw.githubusercontent.com/ZShamsi987/canyonbench-data/main/frames/floating/img_025256.jpg,Floating,25256,seg_0065,validation,blocked_pending_reference_license,,
img_025316.jpg,https://raw.githubusercontent.com/ZShamsi987/canyonbench-data/main/frames/floating/img_025316.jpg,Floating,25316,seg_0066,train,blocked_pending_reference_license,,
img_025376.jpg,https://raw.githubusercontent.com/ZShamsi987/canyonbench-data/main/frames/floating/img_025376.jpg,Floating,25376,seg_0066,train,blocked_pending_reference_license,,
img_025436.jpg,https://raw.githubusercontent.com/ZShamsi987/canyonbench-data/main/frames/floating/img_025436.jpg,Floating,25436,seg_0066,train,blocked_pending_reference_license,,
img_025496.jpg,https://raw.githubusercontent.com/ZShamsi987/canyonbench-data/main/frames/floating/img_025496.jpg,Floating,25496,seg_0066,train,blocked_pending_reference_license,,
img_025556.jpg,https://raw.githubusercontent.com/ZShamsi987/canyonbench-data/main/frames/floating/img_025556.jpg,Floating,25556,seg_0066,train,blocked_pending_reference_license,,
img_025616.jpg,https://raw.githubusercontent.com/ZShamsi987/canyonbench-data/main/frames/floating/img_025616.jpg,Floating,25616,seg_0067,validation,blocked_pending_reference_license,,
img_025676.jpg,https://raw.githubusercontent.com/ZShamsi987/canyonbench-data/main/frames/floating/img_025676.jpg,Floating,25676,seg_0067,validation,blocked_pending_reference_license,,
